config_id,time,exit_time,direction,entry_price,exit_price,outcome,entry_bar,exit_bar,bars_held,highest_price_reached,lowest_price_reached,sl,tp,rr_ratio,risk_distance_pct,reward_distance_pct,position_size,position_value,required_margin,margin_usage_pct,leverage_used,risk_amount,gross_pnl,net_pnl,price_change_pct,total_commission,commission_impact_pct,slippage_cost,gain_pct,gain_usd,commission,signal_strength,signal_passed_filter,atr,volatility_regime,leverage_effective,position_size_category
fixed_strategy,1748615400000,1748618100000,SHORT,2593.76,2613.3360714285714,SL,13,16,3,2615.81,2586.77,2613.3360714285714,2554.6078571428575,2.000000000000023,0.7547371934400692,1.509474386880156,23849.361282907692,23849.361282907692,6814.103223687912,68.14103223687911,3.5,180.0,-178.6516495541201,-200.11607470873702,-0.7490835810439744,9.539744513163077,5.339858062868398,11.924680641453847,-0.7490835810439744,-200.11607470873702,9.539744513163077,47,True,17.796428571428482,unknown,3.5,large
fixed_strategy,1748616300000,1748618100000,SHORT,2594.13,2613.297780612245,SL,14,16,2,2615.81,2593.56,2613.297780612245,2555.7944387755106,2.0,0.738890518680435,1.47778103736087,24360.848522113563,24360.848522113563,6960.242434889589,69.6024243488959,3.5,180.0,-178.6797522518103,-200.6045159217125,-0.733470971216843,9.744339408845425,5.4535218938029955,12.180424261056782,-0.733470971216843,-200.6045159217125,9.744339408845425,47,True,17.425255102040726,unknown,3.5,large
fixed_strategy,1748617200000,1748621700000,SHORT,2605.63,2568.025978862974,TP,15,20,5,2615.81,2568.0,2624.4320105685133,2568.025978862974,1.9999999999999758,0.7215917290065434,1.4431834580130694,24944.853545898633,24944.853545898633,7127.1010131138955,71.27101013113895,3.5,180.0,365.2715384192925,342.8211702279837,1.4643162275825405,9.977941418359453,2.7316503939887724,12.472426772949317,1.4643162275825405,342.8211702279837,9.977941418359453,39,True,17.092736880466386,unknown,3.5,large
fixed_strategy,1748618100000,1748621700000,SHORT,2612.0,2574.11040894419,TP,16,20,4,2613.49,2568.0,2630.9447955279047,2574.11040894419,2.000000000000024,0.7252984505323399,1.450596901064697,23822.886873925236,23822.886873925236,6806.539106835781,70.90677139986295,3.5,172.7870293686519,350.6607324555608,329.2201342690281,1.4719489468733027,9.529154749570095,2.717485554439069,11.911443436962617,1.4719489468733027,329.2201342690281,9.529154749570095,39,True,17.22254138900449,unknown,3.5,large
fixed_strategy,1748619000000,1748622600000,SHORT,2602.17,2564.2540940196054,TP,17,21,4,2604.94,2530.0,2621.1279529901976,2564.2540940196054,1.999999999999976,0.72854398406705,1.4570879681340825,23716.760161010377,23716.760161010377,6776.217188860108,70.59089437740565,3.5,172.7870293686519,350.6838306397426,329.3387464948333,1.4786329509553164,9.486704064404151,2.705201448010256,11.858380080505189,1.4786329509553164,329.3387464948333,9.486704064404151,47,True,17.234502718361306,unknown,3.5,large
fixed_strategy,1748619900000,1748622600000,SHORT,2597.01,2560.3990873039193,TP,18,21,3,2603.0,2530.0,2615.3154563480407,2560.3990873039193,2.0,0.704866609987658,1.409733219975316,24513.436573719577,24513.436573719577,7003.839021062736,72.96213311831002,3.5,172.7870293686519,350.51539064028526,328.4532977239376,1.4298908665301813,9.805374629487831,2.7974162879342863,12.256718286859789,1.4298908665301813,328.4532977239376,9.805374629487831,47,True,16.641323952764058,unknown,3.5,large
fixed_strategy,1748620800000,1748622600000,SHORT,2595.73,2559.785581067925,TP,19,21,2,2595.73,2530.0,2613.7022094660374,2559.785581067925,2.0000000000000253,0.6923759199160692,1.3847518398321559,24955.66705866914,24955.66705866914,7130.1905881911825,74.27839407645152,3.5,172.7870293686519,350.4265974933588,327.96649714055656,1.4041964763735981,9.982266823467656,2.8486042140841885,12.47783352933457,1.4041964763735981,327.96649714055656,9.982266823467656,47,True,16.338372241852348,unknown,3.5,large
fixed_strategy,1748621700000,1748622600000,SHORT,2571.51,2533.775468134502,TP,20,21,1,2572.85,2530.0,2590.377265932749,2533.775468134502,2.000000000000024,0.733703774542933,1.4674075490858836,25198.69452283696,25198.69452283696,7199.6270065248455,70.09446211532617,3.5,184.8837728495981,375.2743498385134,352.5955247679601,1.489261078578541,10.079477809134785,2.6858957489293225,12.59934726141848,1.489261078578541,352.5955247679601,10.079477809134785,50,True,17.152059938862894,unknown,3.5,large
fixed_strategy,1748622600000,1748628900000,SHORT,2551.21,2572.096389794696,SL,21,28,7,2576.48,2536.97,2572.096389794696,2509.437220410609,1.9999999999999782,0.8186856352356642,1.6373712704713106,25525.56647457661,25525.56647457661,7293.018992736174,62.8184607315937,3.5,208.97414603988926,-207.27719739965872,-230.2502072267777,-0.8120376000513296,10.210226589830645,4.925880279123967,12.762783237288305,-0.8120376000513296,-230.2502072267777,10.210226589830645,50,True,18.98762708608697,unknown,3.5,large
fixed_strategy,1748623500000,1748628900000,SHORT,2539.29,2559.8285048093603,SL,22,28,6,2576.48,2537.62,2559.8285048093603,2498.2129903812793,2.0,0.8088286414454572,1.6176572828909144,25836.640214227788,25836.640214227788,7381.897204065082,63.58401371230309,3.5,208.97414603988926,-207.29746477182417,-230.55044096462916,-0.8023390930592789,10.334656085691115,4.985423288734692,12.918320107113894,-0.8023390930592789,-230.55044096462916,10.334656085691115,50,True,18.671368008509358,unknown,3.5,large
fixed_strategy,1748624400000,1748628900000,SHORT,2550.51,2571.1646830372633,SL,23,28,5,2576.48,2537.62,2571.1646830372633,2509.200633925474,2.0,0.8098256049677559,1.6196512099355118,25804.833134191875,25804.833134191875,7372.809466911965,63.505736436450555,3.5,208.97414603988926,-207.295414693775,-230.5197645145477,-0.8033201130028034,10.32193325367675,4.9793350561683765,12.902416567095937,-0.8033201130028034,-230.5197645145477,10.32193325367675,50,True,18.776984579330126,unknown,3.5,large
fixed_strategy,1748625300000,1748628900000,SHORT,2546.31,2566.4903485346013,SL,24,28,4,2576.48,2537.62,2566.4903485346013,2505.949302930797,2.0000000000000226,0.792533058999152,1.5850661179983219,26367.877486876274,26367.877486876274,7533.67928196465,64.89138950685268,3.5,208.97414603988926,-207.33097948591748,-231.06206922410615,-0.7863013607716796,10.54715099475051,5.087108072755187,13.183938743438137,-0.7863013607716796,-231.06206922410615,10.54715099475051,50,True,18.345771395092243,unknown,3.5,large
fixed_strategy,1748626200000,1748628900000,SHORT,2545.74,2565.3824664964154,SL,25,28,3,2576.48,2537.62,2565.3824664964154,2506.4550670071685,2.0,0.7715817992574119,1.5431635985148238,27083.86152200723,27083.86152200723,7738.246149144923,66.65342738523312,3.5,208.97414603988926,-207.3740853410209,-231.7495607108274,-0.7656739980468341,10.833544608802892,5.224155463295923,13.541930761003616,-0.7656739980468341,-231.7495607108274,10.833544608802892,50,True,17.856787724014225,unknown,3.5,large
fixed_strategy,1748627100000,1748628900000,SHORT,2548.06,2567.2305046038146,SL,26,28,2,2576.48,2546.4,2567.2305046038146,2509.7189907923707,2.0,0.7523568755765017,1.5047137511530033,27775.933579361597,27775.933579361597,7935.981022674742,68.35661784729983,3.5,208.97414603988926,-207.41365514452593,-232.41199536595138,-0.7467387353584432,11.11037343174464,5.356625832567738,13.8879667896808,-0.7467387353584432,-232.41199536595138,11.11037343174464,50,True,17.427731458013202,unknown,3.5,large
fixed_strategy,1748628000000,1748628900000,SHORT,2555.18,2574.0214685606848,SL,27,28,1,2576.48,2555.18,2574.0214685606848,2517.49706287863,2.0,0.7373832199956526,1.4747664399913052,28339.96494266866,28339.96494266866,8097.132840762474,69.74469995245435,3.5,208.97414603988926,-207.44448521510517,-232.95045366350695,-0.7319856804154923,11.335985977067464,5.464587774079823,14.16998247133433,-0.7319856804154923,-232.95045366350695,11.335985977067464,50,True,17.128607782440817,unknown,3.5,large
fixed_strategy,1748635200000,1748637000000,SHORT,2568.16,2583.413208582726,SL,35,37,2,2584.44,2567.82,2583.413208582726,2537.6535828345477,2.0,0.5939352915210141,1.1878705830420282,27972.504807305813,27972.504807305813,7992.144230658804,80.00000000000001,3.5,179.82324518982304,-165.15764841243268,-190.33290273900792,-0.5904285281212895,11.189001922922326,6.774740395298608,13.986252403652907,-0.5904285281212895,-190.33290273900792,11.189001922922326,50,True,13.866553257023662,unknown,3.5,large
fixed_strategy,1748629800000,1748637900000,SHORT,2569.18,2587.6431336058963,SL,29,38,9,2589.45,2564.5,2587.6431336058963,2532.2537327882064,2.0000000000000244,0.7186391613626322,1.437278322725282,25022.74505175241,25022.74505175241,7149.355729072116,71.56383090932067,3.5,179.82324518982304,-178.54018549806432,-201.0606560446415,-0.7135115876727549,10.009098020700964,5.606075737391613,12.511372525876205,-0.7135115876727549,-201.0606560446415,10.009098020700964,50,True,16.784666914451535,unknown,3.5,large
fixed_strategy,1748634300000,1748637900000,SHORT,2573.3,2588.8380707813976,SL,34,38,4,2589.45,2564.5,2588.8380707813976,2542.2238584372058,1.9999999999999707,0.6038188622157321,1.2076377244314467,27972.504807305813,27972.504807305813,7992.144230658804,80.00000000000001,3.5,179.82324518982304,-167.8895117212587,-193.06476604783396,-0.6001947729665225,11.189001922922326,6.6645032248941485,13.986252403652907,-0.6001947729665225,-193.06476604783396,11.189001922922326,50,True,14.125518892179327,unknown,3.5,large
fixed_strategy,1748636100000,1748637900000,SHORT,2571.7,2586.6250508268167,SL,36,38,2,2589.45,2568.06,2586.6250508268167,2541.8498983463655,2.0000000000000306,0.5803573833190853,1.1607147666381883,27972.504807305813,27972.504807305813,7992.144230658804,80.00000000000001,3.5,179.82324518982304,-161.40377820471767,-186.5790325312929,-0.5770086708951516,11.189001922922326,6.932304836588567,13.986252403652907,-0.5770086708951516,-186.5790325312929,11.189001922922326,50,True,13.56822802437912,unknown,3.5,large
fixed_strategy,1748632500000,1748643300000,SHORT,2579.62,2546.5129719153388,TP,32,44,12,2589.45,2545.01,2596.17351404233,2546.5129719153388,2.0000000000000275,0.6417035858897953,1.283407171779608,27972.504807305813,27972.504807305813,7992.144230658804,80.00000000000001,3.5,179.82324518982304,363.66848017948513,338.4932258529099,1.3000926541426594,11.189001922922326,3.0767037928060468,13.986252403652907,1.3000926541426594,338.4932258529099,11.189001922922326,39,True,15.048649129391405,unknown,3.5,large
fixed_strategy,1748637000000,1748643300000,SHORT,2582.33,2552.0380484644825,TP,37,44,7,2589.45,2545.01,2597.4759757677584,2552.0380484644825,2.00000000000003,0.5865236343828442,1.173047268765706,27439.572679636585,27439.572679636585,7839.877908467596,80.0,3.5,176.3972529405209,325.6997701374296,301.0041547257566,1.1869709996582323,10.975829071854635,3.369922265288479,13.719786339818294,1.1869709996582323,301.0041547257566,10.975829071854635,39,True,13.769068879780619,unknown,3.5,large
fixed_strategy,1748628900000,1748644200000,SHORT,2572.67,2534.3315583872995,TP,28,45,17,2589.45,2520.15,2591.8392208063506,2534.3315583872995,1.9999999999999762,0.745109975486576,1.4902199509731344,24133.78576395972,24133.78576395972,6895.367361131349,69.02145068583634,3.5,179.82324518982304,365.0870910488775,343.36668386131373,1.51276345377227,9.653514305583888,2.644167526671461,12.06689288197986,1.51276345377227,343.36668386131373,9.653514305583888,50,True,17.42656436940934,unknown,3.5,large
fixed_strategy,1748630700000,1748644200000,SHORT,2576.73,2541.052180446192,TP,30,45,15,2589.45,2520.15,2594.568909776904,2541.052180446192,2.0,0.692308071738369,1.384616143476738,25974.454513911875,25974.454513911875,7421.272718260536,74.28567357222272,3.5,179.82324518982304,364.6961318965218,341.3191228340012,1.4040569425671334,10.38978180556475,2.848887305586429,12.987227256955938,1.4040569425671334,341.3191228340012,10.38978180556475,47,True,16.2171907062764,unknown,3.5,large
fixed_strategy,1748631600000,1748644200000,SHORT,2577.16,2542.2187389857495,TP,31,45,14,2589.45,2520.15,2594.6306305071253,2542.2187389857495,1.999999999999974,0.6779024393955131,1.3558048787910089,26526.419546472167,26526.419546472167,7578.977013277762,75.864266655288,3.5,179.82324518982304,364.5896141559342,340.7158365641092,1.3744395979155888,10.610567818588867,2.9102770365945614,13.263209773236083,1.3744395979155888,340.7158365641092,10.610567818588867,47,True,15.882391370113817,unknown,3.5,large
fixed_strategy,1748644200000,1748645100000,SHORT,2523.57,2540.000366241254,SL,45,46,1,2543.45,2523.57,2540.000366241254,2490.7092675174927,1.9999999999999722,0.6510763022723355,1.302152604544653,30090.598368059073,30090.598368059073,8597.31381944545,78.99008341891644,3.5,195.91275518637872,-194.6454646923201,-221.7270032235733,-0.6468647193767163,12.03623934722363,6.183673154804582,15.045299184029536,-0.6468647193767163,-221.7270032235733,12.03623934722363,50,True,14.936696582958032,unknown,3.5,large
fixed_strategy,1748643300000,1748646000000,SHORT,2547.48,2517.7370573265302,TP,44,47,3,2553.51,2510.0,2562.351471336735,2517.7370573265302,2.0,0.5837718583358803,1.1675437166717606,27604.1928723103,27604.1928723103,7886.912249231515,80.0,3.5,177.45552560770906,326.0983603348735,301.25458674979427,1.1813363348217365,11.041677148924121,3.3859959116584695,13.80209643615515,1.1813363348217365,301.25458674979427,11.041677148924121,50,True,13.519519397031715,unknown,3.5,large
fixed_strategy,1748646900000,1748649600000,SHORT,2518.31,2536.971861746368,SL,48,51,3,2538.39,2507.28,2536.971861746368,2480.9862765072635,2.0,0.7410470413240717,1.4820940826481435,26630.462127916235,26630.462127916235,7608.703465118924,69.39987417894689,3.5,197.3442516898507,-195.89259540741045,-219.86001132253506,-0.7355959294527592,10.652184851166494,5.437767991695887,13.315231063958118,-0.7355959294527592,-219.86001132253506,10.652184851166494,50,True,16.965328860334818,unknown,3.5,large
fixed_strategy,1748647800000,1748649600000,SHORT,2517.7,2536.5217287644846,SL,49,51,2,2538.39,2517.7,2536.5217287644846,2480.0565424710303,2.0,0.7475763103024492,1.4951526206048984,26397.87389865398,26397.87389865398,7542.249685329708,68.79374148140785,3.5,197.3442516898507,-195.8798999610981,-219.63798646988667,-0.7420290767094162,10.559149559461591,5.390624337442814,13.19893694932699,-0.7420290767094162,-219.63798646988667,10.559149559461591,50,True,17.110662513168045,unknown,3.5,large
fixed_strategy,1748650500000,1748652300000,SHORT,2514.67,2534.1209366237513,SL,52,54,2,2534.2,2514.66,2534.1209366237513,2475.7681267524977,2.0,0.7734985753101283,1.5469971506202567,24490.45076180461,24490.45076180461,6997.271646229888,66.48825617804343,3.5,189.4332877295871,-187.97927074846984,-210.02067643409399,-0.7675614980580225,9.796180304721844,5.2113088138478085,12.245225380902305,-0.7675614980580225,-210.02067643409399,9.796180304721844,50,True,17.68266965795564,unknown,3.5,large
fixed_strategy,1748645100000,1748655000000,SHORT,2525.52,2491.8824626948144,TP,46,57,11,2538.39,2474.0,2542.338768652593,2491.8824626948144,1.999999999999973,0.6659527009326004,1.3319054018651828,28819.11415924693,28819.11415924693,8234.032616927694,77.22556175018262,3.5,191.92166912835438,389.02478032038346,363.0875775770612,1.3498845876064536,11.527645663698772,2.963216290284932,14.409557079623465,1.3498845876064536,363.0875775770612,11.527645663698772,50,True,15.28978968417529,unknown,3.5,large
fixed_strategy,1748646000000,1748655000000,SHORT,2526.3,2491.1381439308993,TP,47,57,10,2538.39,2474.0,2543.880928034551,2491.1381439308993,1.9999999999999742,0.6959160841764894,1.3918321683529606,28357.478175458113,28357.478175458113,8102.136621559461,73.90053570816559,3.5,197.3442516898507,400.25944306514987,374.73771270723756,1.4114775671820956,11.342991270183246,2.8339097219842375,14.178739087729056,1.4114775671820956,374.73771270723756,11.342991270183246,50,True,15.982661849591324,unknown,3.5,large
fixed_strategy,1748648700000,1748655000000,SHORT,2529.63,2492.296218008814,TP,50,57,7,2538.39,2474.0,2548.296890995593,2492.296218008814,2.0000000000000244,0.7379296970542291,1.4758593941084759,26742.96108120287,26742.96108120287,7640.84602320082,69.69305021043495,3.5,197.3442516898507,400.60080803800804,376.53214306492544,1.4979672850048864,10.697184432481148,2.6702852859613366,13.371480540601436,1.4979672850048864,376.53214306492544,10.697184432481148,50,True,16.969900905084636,unknown,3.5,large
fixed_strategy,1748649600000,1748655000000,SHORT,2525.7,2488.4950595796126,TP,51,57,6,2534.2,2474.0,2544.3024702101934,2488.4950595796126,2.0,0.7365273076847444,1.4730546153694888,25719.79147997459,25719.79147997459,7348.511851421311,69.82574969315922,3.5,189.4332877295871,384.53092601232197,361.3831136803449,1.495077929818045,10.287916591989836,2.675445821400635,12.859895739987294,1.495077929818045,361.3831136803449,10.287916591989836,50,True,16.911336554721455,unknown,3.5,large
fixed_strategy,1748651400000,1748655000000,SHORT,2530.58,2491.4569748416047,TP,53,57,4,2534.2,2474.0,2550.1415125791973,2491.4569748416047,2.000000000000023,0.7730051047268757,1.5460102094537693,24506.08496259791,24506.08496259791,7001.73856074226,66.53070091528383,3.5,189.4332877295871,384.8158680670942,362.76039160075607,1.5702870068981412,9.802433985039164,2.5473050355943405,12.253042481298955,1.5702870068981412,362.76039160075607,9.802433985039164,50,True,17.78319325381596,unknown,3.5,large
fixed_strategy,1748652300000,1748655000000,SHORT,2518.59,2479.3621909243475,TP,54,57,3,2527.0,2474.0,2538.2039045378265,2479.3621909243475,2.0,0.7787652828696345,1.557530565739269,23839.392900216346,23839.392900216346,6811.2551143475275,66.0386031065288,3.5,185.6529155537734,377.18053320015537,355.72507958996067,1.5821734000480037,9.535757160086538,2.528167898587246,11.919696450108173,1.5821734000480037,355.72507958996067,9.535757160086538,50,True,17.830822307114808,unknown,3.5,large
fixed_strategy,1748653200000,1748655000000,SHORT,2519.85,2480.853320144037,TP,55,57,2,2527.0,2474.0,2539.3483399279817,2480.853320144037,1.9999999999999767,0.773789706846906,1.547579413693794,23992.68353029472,23992.68353029472,6855.052437227062,66.46324055942314,3.5,185.6529155537734,377.1424093956605,355.54899421839525,1.5719059058960871,9.597073412117888,2.5446815773109166,11.99634176514736,1.5719059058960871,355.54899421839525,9.597073412117888,50,True,17.72576357089233,unknown,3.5,large
fixed_strategy,1748655900000,1748657700000,SHORT,2491.86,2513.2031198330087,SL,58,60,2,2516.0,2484.3,2513.2031198330087,2449.173760333983,2.0,0.8565136016071763,1.7130272032143525,27033.88076303605,27033.88076303605,7723.965932296014,60.04408024819454,3.5,231.54886577766968,-229.582460774233,-253.91295346096544,-0.8492397476582259,10.81355230521442,4.71009513041515,13.516940381518026,-0.8492397476582259,-253.91295346096544,10.81355230521442,50,True,19.402836211825964,unknown,3.5,large
fixed_strategy,1748659500000,1748662200000,SHORT,2489.09,2509.911999103253,SL,62,65,3,2511.9,2483.81,2509.911999103253,2447.446001793495,1.9999999999999782,0.8365305835969327,1.673061167193847,27133.309536562956,27133.309536562956,7752.374153303702,61.47841147353839,3.5,226.9784326153723,-225.09544041402654,-249.5154189969332,-0.8295908028126964,10.853323814625183,4.821654225719657,13.566654768281479,-0.8295908028126964,-249.5154189969332,10.853323814625183,50,True,18.92909009386613,unknown,3.5,large
fixed_strategy,1748660400000,1748663100000,SHORT,2495.13,2515.4224991673063,SL,63,66,3,2516.16,2485.82,2515.4224991673063,2454.5450016653876,2.0,0.8132842444003412,1.6265684888006824,27908.868784582235,27908.868784582235,7973.962509880638,63.23566672128421,3.5,226.9784326153723,-225.14734473396632,-250.26532664009034,-0.8067232909789057,11.163547513832894,4.9583296338776375,13.954434392291118,-0.8067232909789057,-250.26532664009034,11.163547513832894,50,True,18.447726515732843,unknown,3.5,large
fixed_strategy,1748655000000,1748664900000,SHORT,2496.64,2518.429282897086,SL,57,68,11,2526.0,2483.21,2518.429282897086,2453.0614342058275,2.0,0.8727442842014146,1.7454885684028292,26531.123717360504,26531.123717360504,7580.321062103001,58.92742279673594,3.5,231.54886577766968,-229.54552036900984,-253.4235317146343,-0.8651933586168004,10.612449486944202,4.623243995301662,13.265561858680252,-0.8651933586168004,-253.4235317146343,10.612449486944202,50,True,19.80843899735103,unknown,3.5,large
fixed_strategy,1748657700000,1748664900000,SHORT,2504.17,2525.636608427441,SL,60,68,8,2526.0,2483.81,2525.636608427441,2461.236783145118,2.0000000000000213,0.8572344700016715,1.7144689400033615,26477.987127014352,26477.987127014352,7565.139179146958,59.993587785231206,3.5,226.9784326153723,-225.04923301548774,-248.87942142980066,-0.8499484191752615,10.591194850805742,4.706167938851346,13.238993563507176,-0.8499484191752615,-248.87942142980066,10.591194850805742,50,True,19.515098570400948,unknown,3.5,large
fixed_strategy,1748658600000,1748664900000,SHORT,2497.77,2518.7459221111953,SL,61,68,7,2526.0,2483.81,2518.7459221111953,2455.8181557776093,2.0,0.8397859735362087,1.6795719470724173,27028.128567044445,27028.128567044445,7722.322447726984,61.240093368091976,3.5,226.9784326153723,-225.08817370451303,-249.41348941485305,-0.8327923006070215,10.811251426817778,4.803118373073819,13.514064283522222,-0.8327923006070215,-249.41348941485305,10.811251426817778,50,True,19.06902010108659,unknown,3.5,large
fixed_strategy,1748661300000,1748664900000,SHORT,2503.32,2523.6496063696413,SL,64,68,4,2526.0,2498.94,2523.6496063696413,2462.6607872607174,2.000000000000022,0.8121057783120482,1.6242115566241149,27949.36801054958,27949.36801054958,7985.53371729988,63.32742950735442,3.5,226.9784326153723,-225.14997664516838,-250.304407854663,-0.8055637485619882,11.179747204219833,4.965466739460905,13.97468400527479,-0.8055637485619882,-250.304407854663,11.179747204219833,50,True,18.48146033603761,unknown,3.5,large
fixed_strategy,1748654100000,1748676600000,SHORT,2507.84,2519.49,MAX_HOLDING,56,81,25,2526.0,2474.0,2527.9884585045543,2467.5430829908914,2.0000000000000226,0.8034188187665133,1.6068376375330446,23107.86245196569,23107.86245196569,6602.24641484734,64.01215683188698,3.5,185.6529155537734,-106.84963923865106,-120.71435670983047,-0.46239516727589747,9.243144980786276,8.65060944206045,4.621572490393138,-0.46239516727589747,-120.71435670983047,9.243144980786276,50,True,18.316780458685734,unknown,3.5,large
fixed_strategy,1748656800000,1748679300000,SHORT,2509.56,2519.69,MAX_HOLDING,59,84,25,2526.0,2483.81,2531.4890398449365,2465.7019203101268,2.0,0.8738201057132164,1.7476402114264329,26498.459381256547,26498.459381256547,7570.988394644728,58.8548730938105,3.5,231.54886577766968,-106.53270582180002,-122.43178145055396,-0.4020335834963862,10.59938375250262,9.949417571569505,5.29969187625131,-0.4020335834963862,-122.43178145055396,10.59938375250262,50,True,19.935490768124087,unknown,3.5,large
fixed_strategy,1748664000000,1748681100000,SHORT,2508.64,2527.063063117384,SL,67,86,19,2529.63,2503.47,2527.063063117384,2471.7938737652316,2.0,0.7343844918913881,1.4687689837827762,29682.32330621497,29682.32330621497,8480.663801775705,70.0294899966072,3.5,217.98237919390587,-216.393220937833,-243.10731191342649,-0.7290306041930483,11.872929322485989,5.486738110847257,14.841161653107486,-0.7290306041930483,-243.10731191342649,11.872929322485989,50,True,16.748239197621928,unknown,3.5000000000000004,large
fixed_strategy,1748670300000,1748681100000,SHORT,2511.29,2526.447120322917,SL,74,86,12,2529.63,2511.22,2526.447120322917,2480.9757593541667,1.99999999999997,0.6035591398411515,1.2071182796822848,31102.711715670743,31102.711715670743,8886.489061620212,80.0,3.5,199.94600388645475,-186.59703583392832,-214.589476378032,-0.5999381582536212,12.441084686268297,6.6673538680115385,15.551355857835372,-0.5999381582536212,-214.589476378032,12.441084686268297,50,True,13.779200293560598,unknown,3.5,large
fixed_strategy,1748662200000,1748684700000,SHORT,2511.23,2522.31,MAX_HOLDING,65,90,25,2529.63,2503.4,2531.1257773432385,2471.438445313523,2.0,0.7922722069758038,1.5845444139516076,28082.160792019597,28082.160792019597,8023.474512005599,64.91275470192288,3.5,222.48715507342752,-123.35927842952626,-140.20857490473801,-0.4392798664716091,11.23286431680784,9.105812274368196,5.61643215840392,-0.4392798664716091,-140.20857490473801,11.23286431680784,50,True,18.08707031203493,unknown,3.5,large
fixed_strategy,1748663100000,1748685600000,SHORT,2512.88,2531.82,MAX_HOLDING,66,91,25,2537.97,2503.4,2531.9172218187214,2474.805556362557,2.000000000000024,0.7575857907548814,1.5151715815097808,28773.292985960263,28773.292985960263,8220.940853131504,67.88481523303975,3.5,217.98237919390587,-215.2468063109097,-232.51078210248585,-0.7480784573942856,11.509317194384106,5.3470327349524815,5.754658597192053,-0.7480784573942856,-232.51078210248585,11.509317194384106,50,True,17.306565289746707,unknown,3.5,large
fixed_strategy,1748664900000,1748685600000,SHORT,2518.45,2537.327344323285,SL,68,91,23,2537.97,2510.68,2537.327344323285,2480.695311353429,2.0,0.7495620053320632,1.4991240106641264,26675.045221626027,26675.045221626027,7621.441491893151,68.61149719800443,3.5,199.94600388645475,-198.45843486234943,-222.46597556181285,-0.7439853736459834,10.670018088650412,5.376449782067024,13.337522610813014,-0.7439853736459834,-222.46597556181285,10.670018088650412,49,True,17.161222112077517,unknown,3.5,large
fixed_strategy,1748666700000,1748689200000,SHORT,2521.52,2511.4,MAX_HOLDING,70,95,25,2537.97,2506.27,2538.7541183195676,2487.051763360865,1.9999999999999736,0.6834813255325217,1.3669626510650255,29254.055146374416,29254.055146374416,8358.301470392691,75.24502792889304,3.5,199.94600388645475,117.88286934829699,100.33043626047235,0.4029624910408591,11.701622058549766,9.926482213438602,5.850811029274883,0.4029624910408591,100.33043626047235,11.701622058549766,40,True,15.667380290515842,unknown,3.4999999999999996,large
fixed_strategy,1748804400000,1748809800000,SHORT,2513.82,2528.0571679897203,SL,223,229,6,2536.0,2512.73,2528.0571679897203,2485.34566402056,2.0,0.5663559041506588,1.1327118083013177,27754.757811941596,27754.757811941596,7929.930803411885,80.0,3.5,178.4234430767674,-156.30546432493313,-181.28474635568057,-0.5631663781179963,11.101903124776639,7.102696743664459,13.877378905970797,-0.5631663781179963,-181.28474635568057,11.101903124776639,52,True,12.94287999065462,unknown,3.5,large
fixed_strategy,1748874600000,1748877300000,LONG,2524.0,2554.2256750024444,TP,301,304,3,2556.34,2515.77,2508.887162498778,2554.2256750024444,2.0,0.5987653526633202,1.1975307053266404,27247.160522145692,27247.160522145692,7784.90300632734,80.0,3.5,175.16031764236513,326.2931135823341,301.77066911240297,1.1975307053266437,10.898864208858278,3.340206628696792,13.623580261072846,1.1975307053266437,301.77066911240297,10.898864208858278,50,True,13.738943182929363,unknown,3.5,large
fixed_strategy,1748873700000,1748888100000,LONG,2530.23,2560.115342310325,TP,300,316,16,2565.4,2515.77,2515.2873288448377,2560.115342310325,2.0000000000000306,0.5905657254542993,1.1811314509086164,27247.160522145692,27247.160522145692,7784.90300632734,80.0,3.5,175.16031764236513,321.82478240661806,297.3023379366869,1.1811314509086124,10.898864208858278,3.38658326041772,13.623580261072846,1.1811314509086124,297.3023379366869,10.898864208858278,50,True,13.58424650469316,unknown,3.5,large
fixed_strategy,1748875500000,1748888100000,LONG,2530.36,2560.8938410736987,TP,302,316,14,2565.4,2522.0,2515.093079463151,2560.8938410736987,2.0,0.6033497422046382,1.2066994844092764,27247.160522145692,27247.160522145692,7784.90300632734,80.0,3.5,175.16031764236513,328.7913455369008,304.26890106696965,1.2066994844092793,10.898864208858278,3.3148269736421883,13.623580261072846,1.2066994844092793,304.26890106696965,10.898864208858278,50,True,13.879018669862967,unknown,3.5,large
fixed_strategy,1748876400000,1748888100000,LONG,2534.67,2565.3799952827203,TP,303,316,13,2565.4,2528.24,2519.31500235864,2565.3799952827203,2.0,0.6057986894293977,1.2115973788587955,27247.160522145692,27247.160522145692,7784.90300632734,80.0,3.5,175.16031764236513,330.1258826997632,305.6034382298321,1.2115973788587864,10.898864208858278,3.3014267526458614,13.623580261072846,1.2115973788587864,305.6034382298321,10.898864208858278,50,True,13.959088764872757,unknown,3.5,large
fixed_strategy,1748880900000,1748888100000,LONG,2533.34,2563.410615165011,TP,308,316,8,2565.4,2531.11,2518.3046924174946,2563.410615165011,2.0,0.5934974216846353,1.1869948433692705,28092.118395660418,28092.118395660418,8026.319541617262,80.0,3.5,180.59218968638837,333.4519967496765,308.16909019358206,1.18699484336926,11.236847358264168,3.3698545721109316,14.046059197830209,1.18699484336926,308.16909019358206,11.236847358264168,50,True,13.668461438641485,unknown,3.5,large
fixed_strategy,1748888100000,1748889900000,LONG,2555.69,2540.8033550547375,SL,316,318,2,2556.57,2536.68,2540.8033550547375,2585.463289890525,2.0,0.5824902451104226,1.1649804902208452,31495.080944456215,31495.080944456215,8998.594555558919,80.0,3.5,202.46837750007563,-183.45577419108915,-211.80134704109975,-0.582490245110423,12.598032377782486,6.86706778967898,15.747540472228108,-0.582490245110423,-211.80134704109975,12.598032377782486,50,True,13.53331358660226,unknown,3.5,large
fixed_strategy,1748886300000,1748890800000,LONG,2548.89,2534.150914738039,SL,314,319,5,2565.4,2533.13,2534.150914738039,2578.3681705239223,2.0000000000000306,0.5782550546300943,1.1565101092602064,28092.118395660418,28092.118395660418,8026.319541617262,80.0,3.5,180.59218968638837,-162.44409457557703,-187.7270011316714,-0.5782550546300946,11.236847358264168,6.917362793410893,14.046059197830209,-0.5782550546300946,-187.7270011316714,11.236847358264168,50,True,13.39916841996474,unknown,3.5,large
fixed_strategy,1748887200000,1748890800000,LONG,2550.45,2536.0809208281785,SL,315,319,4,2565.4,2533.13,2536.0809208281785,2579.188158343642,1.9999999999999682,0.5633938784066083,1.1267877568131988,28092.118395660418,28092.118395660418,8026.319541617262,80.0,3.5,180.59218968638837,-158.26927535588626,-183.55218191198063,-0.5633938784066039,11.236847358264168,7.099828651516129,14.046059197830209,-0.5633938784066039,-183.55218191198063,11.236847358264168,50,True,13.062799247110119,unknown,3.5,large
fixed_strategy,1748878200000,1748892600000,LONG,2539.44,2523.56640509495,SL,305,321,16,2565.4,2522.88,2523.56640509495,2571.1871898101003,2.0,0.6250824947645993,1.2501649895291986,28092.118395660418,28092.118395660418,8026.319541617262,80.0,3.5,180.59218968638837,-175.59891449981785,-200.8818210559122,-0.625082494764595,11.236847358264168,6.39915536509528,14.046059197830209,-0.625082494764595,-200.8818210559122,11.236847358264168,50,True,14.430540822772945,unknown,3.5,large
fixed_strategy,1748879100000,1748892600000,LONG,2543.24,2527.747519016739,SL,306,321,15,2565.4,2522.88,2527.747519016739,2574.2249619665217,2.0,0.6091631534287356,1.2183263068574712,28092.118395660418,28092.118395660418,8026.319541617262,80.0,3.5,180.59218968638837,-171.12683428393956,-196.40974084003392,-0.6091631534287378,11.236847358264168,6.566385339437532,14.046059197830209,-0.6091631534287378,-196.40974084003392,11.236847358264168,50,True,14.0840736211463,unknown,3.5,large
fixed_strategy,1748882700000,1748892600000,LONG,2545.19,2530.043729686513,SL,310,321,11,2565.4,2522.88,2530.043729686513,2575.4825406269742,2.0,0.5950938952882533,1.1901877905765066,28092.118395660418,28092.118395660418,8026.319541617262,80.0,3.5,180.59218968638837,-167.1744816297245,-192.45738818581887,-0.5950938952882567,11.236847358264168,6.721628354232142,14.046059197830209,-0.5950938952882567,-192.45738818581887,11.236847358264168,50,True,13.769336648624549,unknown,3.5,large
fixed_strategy,1748883600000,1748892600000,LONG,2538.81,2523.698248994619,SL,311,321,10,2565.4,2522.88,2523.698248994619,2569.0335020107614,1.9999999999999698,0.59522969443877,1.1904593888775221,28092.118395660418,28092.118395660418,8026.319541617262,80.0,3.5,180.59218968638837,-167.21263048786707,-192.49553704396143,-0.5952296944387703,11.236847358264168,6.720094843002611,14.046059197830209,-0.5952296944387703,-192.49553704396143,11.236847358264168,50,True,13.737955459437076,unknown,3.5,large
fixed_strategy,1748884500000,1748892600000,LONG,2543.01,2527.845445495004,SL,312,321,9,2565.4,2522.88,2527.845445495004,2573.339109009993,2.0,0.5963230386430424,1.1926460772860847,28092.118395660418,28092.118395660418,8026.319541617262,80.0,3.5,180.59218968638837,-167.51977403620344,-192.8026805922978,-0.5963230386430429,11.236847358264168,6.7077737078583475,14.046059197830209,-0.5963230386430429,-192.8026805922978,11.236847358264168,50,True,13.785958640905879,unknown,3.5,large
fixed_strategy,1748885400000,1748892600000,LONG,2540.8,2525.9839851025035,SL,313,321,8,2565.4,2522.88,2525.9839851025035,2570.4320297949935,2.0,0.5831240120236398,1.1662480240472797,28092.118395660418,28092.118395660418,8026.319541617262,80.0,3.5,180.59218968638837,-163.8118878512058,-189.09479440730016,-0.5831240120236392,11.236847358264168,6.859604333765362,14.046059197830209,-0.5831240120236392,-189.09479440730016,11.236847358264168,50,True,13.469104452269738,unknown,3.5,large
fixed_strategy,1748889000000,1748892600000,LONG,2544.63,2529.778186836542,SL,317,321,4,2548.0,2522.88,2529.778186836542,2574.333626326916,1.9999999999999694,0.5836531504956809,1.1673063009913438,31495.080944456215,31495.080944456215,8998.594555558919,80.0,3.5,202.46837750007563,-183.82203218348252,-212.16760503349312,-0.5836531504956777,12.598032377782486,6.853385433802474,15.747540472228108,-0.5836531504956777,-212.16760503349312,12.598032377782486,50,True,13.501648330416396,unknown,3.5,large
fixed_strategy,1748889900000,1748892600000,LONG,2543.38,2528.962030633932,SL,318,321,3,2548.0,2522.88,2528.962030633932,2572.2159387321367,2.0000000000000315,0.5668822341163359,1.1337644682326895,30902.037172741133,30902.037172741133,8829.153477926038,80.0,3.5,198.6559532533358,-175.17815871229658,-202.9899921677636,-0.5668822341163393,12.360814869096453,7.056139281265769,15.451018586370568,-0.5668822341163393,-202.9899921677636,12.360814869096453,50,True,13.1072448782438,unknown,3.5,large
fixed_strategy,1748877300000,1748899800000,LONG,2538.58,2550.16,MAX_HOLDING,304,329,25,2565.4,2522.88,2522.299359333023,2571.1412813339543,2.000000000000028,0.6413286430593866,1.2826572861187915,28092.118395660418,28092.118395660418,8026.319541617262,80.0,3.5,180.59218968638837,128.145156355813,111.28988531841674,0.4561605306903749,11.236847358264168,8.76884283246999,5.618423679132084,0.4561605306903749,111.28988531841674,11.236847358264168,50,True,14.80058242452472,unknown,3.5,large
fixed_strategy,1748892600000,1748900700000,LONG,2527.99,2556.6787111496,TP,321,330,9,2560.12,2524.65,2513.6456444251994,2556.6787111496,1.9999999999999682,0.5674213732965864,1.134842746593155,25440.416694104468,25440.416694104468,7268.6904840298475,80.0,3.5,163.54553589067157,288.70872355611624,265.81234853142223,1.1348427465931454,10.176166677641788,3.5247174218702986,12.720208347052234,1.1348427465931454,265.81234853142223,10.176166677641788,40,True,13.040323249818343,unknown,3.5,large
fixed_strategy,1748880000000,1748901600000,LONG,2536.37,2566.5858932546275,TP,307,331,24,2574.23,2522.88,2521.2620533726863,2566.5858932546275,2.00000000000003,0.5956523152108563,1.1913046304217305,28092.118395660418,28092.118395660418,8026.319541617262,80.0,3.5,180.59218968638837,334.6627072310603,309.3798006749659,1.1913046304217412,11.236847358264168,3.3576634370874014,14.046059197830209,1.1913046304217412,309.3798006749659,11.236847358264168,50,True,13.734496933921568,unknown,3.5,large
fixed_strategy,1748881800000,1748901600000,LONG,2537.06,2566.4944283675104,TP,309,331,22,2574.23,2522.88,2522.342785816245,2566.4944283675104,2.000000000000031,0.5800893232227462,1.1601786464455104,28092.118395660418,28092.118395660418,8026.319541617262,80.0,3.5,180.59218968638837,325.91875896064283,300.6358524045484,1.1601786464455088,11.236847358264168,3.4477448901985728,14.046059197830209,1.1601786464455088,300.6358524045484,11.236847358264168,50,True,13.379285621595656,unknown,3.5,large
fixed_strategy,1748890800000,1748901600000,LONG,2533.31,2562.4229431084123,TP,319,331,12,2574.23,2522.88,2518.7535284457936,2562.4229431084123,1.9999999999999687,0.5746028537449575,1.1492057074898971,29862.455460218906,29862.455460218906,8532.130131491116,80.00000000000001,3.5,191.9729279585501,343.1810425454609,316.3048326312639,1.1492057074898865,11.944982184087563,3.480664927027611,14.931227730109454,1.1492057074898865,316.3048326312639,11.944982184087563,49,True,13.233155958369235,unknown,3.5,large
fixed_strategy,1748919600000,1748942100000,LONG,2596.67,2600.99,MAX_HOLDING,351,376,25,2619.44,2588.05,2582.075133025512,2625.8597339489766,2.000000000000031,0.5620609077968326,1.1241218155936827,29090.00030887419,29090.00030887419,8311.42865967834,80.0,3.5,187.00714484276264,48.39613864461967,30.94213845929515,0.1663669237908394,11.636000123549676,24.043240740743027,5.818000061774838,0.1663669237908394,30.94213845929515,11.636000123549676,40,True,13.268060885898306,unknown,3.5,large
fixed_strategy,1748920500000,1748943000000,LONG,2594.65,2612.84,MAX_HOLDING,352,377,25,2619.44,2588.05,2580.0321949522613,2623.885610095478,2.000000000000031,0.5633825389836311,1.1267650779672798,29090.00030887419,29090.00030887419,8311.42865967834,80.0,3.5,187.00714484276264,203.93775870287882,186.48375851755432,0.7010579461584454,11.636000123549676,5.705662451896614,5.818000061774838,0.7010579461584454,186.48375851755432,11.636000123549676,40,True,13.28891367976271,unknown,3.5,large
fixed_strategy,1748965500000,1748967300000,LONG,2622.56,2607.747327764981,SL,402,404,2,2624.37,2607.22,2607.747327764981,2652.185344470038,2.0000000000000306,0.5648172867358195,1.1296345734716564,29698.79282040937,29698.79282040937,8485.36937725982,80.0,3.5,190.92081098834592,-167.7439158015285,-194.47282933989692,-0.5648172867358192,11.879517128163748,7.081936218908455,14.849396410204685,-0.5648172867358192,-194.47282933989692,11.879517128163748,49,True,13.466065668199198,unknown,3.5,large
fixed_strategy,1748987100000,1748989800000,SHORT,2588.05,2603.710542194509,SL,426,429,3,2607.32,2585.3,2603.710542194509,2556.728915610983,1.999999999999971,0.6051097233248471,1.2102194466496767,29154.268898257662,29154.268898257662,8329.791113787904,80.00000000000001,3.5,187.4203000602278,-175.3542303694027,-201.5930723778346,-0.6014701688502377,11.661707559303066,6.650371385244835,14.577134449128831,-0.6014701688502377,-201.5930723778346,11.661707559303066,52,True,14.236856540462314,unknown,3.5,large
fixed_strategy,1748988000000,1748998800000,SHORT,2595.05,2610.469574894901,SL,427,439,12,2612.99,2582.41,2610.469574894901,2564.2108502101987,1.9999999999999705,0.5941918226970949,1.1883836453941723,29154.268898257662,29154.268898257662,8329.791113787904,80.00000000000001,3.5,187.4203000602278,-172.20902978762626,-198.44787179605817,-0.5906820383272171,11.661707559303066,6.77183279743499,14.577134449128831,-0.5906820383272171,-198.44787179605817,11.661707559303066,52,True,14.017795359000692,unknown,3.5,large
fixed_strategy,1748988900000,1748999700000,SHORT,2599.56,2614.6222481166938,SL,428,440,12,2622.17,2582.41,2614.6222481166938,2569.435503766613,1.9999999999999698,0.5794152901527108,1.1588305803054042,29154.268898257662,29154.268898257662,8329.791113787904,80.00000000000001,3.5,187.4203000602278,-167.9511570448364,-194.1899990532683,-0.5760774095586174,11.661707559303066,6.943511294887861,14.577134449128831,-0.5760774095586174,-194.1899990532683,11.661707559303066,52,True,13.692952833357804,unknown,3.5,large
fixed_strategy,1748989800000,1748999700000,SHORT,2606.83,2621.587158965501,SL,429,440,11,2622.17,2582.41,2621.587158965501,2577.3156820689974,2.0,0.5660959466287129,1.1321918932574258,28589.808295599723,28589.808295599723,8168.516655885635,80.0,3.5,183.79162475742677,-160.93470109071507,-186.66552855675482,-0.5629093396736229,11.43592331823989,7.105940012150476,14.294904147799862,-0.5629093396736229,-186.66552855675482,11.43592331823989,52,True,13.415599059546528,unknown,3.5,large
