time,balance
1747592700000,1000.0
2025-05-18 19:05:00,999.5
2025-05-18 19:10:00,999.00025
2025-05-18 19:40:00,1000.2780492839508
2025-05-18 19:50:00,1004.089453575188
2025-05-18 20:00:00,1007.131159225982
2025-05-18 20:10:00,1009.8223961511413
2025-05-18 20:15:00,1007.7813259837405
2025-05-18 20:20:00,1009.7097313609347
2025-05-18 20:30:00,1010.7071790551848
2025-05-18 20:35:00,1005.1387735865973
2025-05-18 20:40:00,1002.6800599506284
2025-05-18 20:45:00,1000.2349264827047
2025-05-18 20:50:00,1003.3620258167028
2025-05-18 20:55:00,1000.3935177120094
2025-05-18 21:00:00,995.1004041376865
2025-05-18 22:15:00,995.2223716969486
2025-05-18 22:20:00,989.9402979142341
2025-05-19 01:15:00,993.6683628563023
2025-05-19 01:50:00,994.5076175223567
2025-05-19 01:55:00,996.0435724672093
2025-05-19 02:00:00,993.708114421236
2025-05-19 02:05:00,997.4480003867516
2025-05-19 02:10:00,1003.5299889244537
2025-05-19 02:15:00,1003.5410743842732
2025-05-19 02:20:00,1001.3094673167627
2025-05-19 02:25:00,998.5828125972597
2025-05-19 02:30:00,997.733250502935
2025-05-19 02:35:00,995.1433493543908
2025-05-19 02:40:00,998.9308230264991
2025-05-19 02:45:00,1000.3153921731498
2025-05-19 02:50:00,1003.0591584728791
2025-05-19 02:55:00,1002.359364512224
2025-05-19 03:00:00,1000.1207198111159
2025-05-19 03:05:00,1000.568042513867
2025-05-19 03:10:00,1002.289127442054
2025-05-19 03:15:00,998.2763014224499
2025-05-19 03:20:00,997.1883718073892
2025-05-19 03:25:00,1000.7613863702433
2025-05-19 03:30:00,1000.4991498952792
2025-05-19 03:35:00,1000.1179695622264
2025-05-19 03:40:00,1003.1338254592556
2025-05-19 03:45:00,1001.991892235987
2025-05-19 03:50:00,1000.4138288047839
2025-05-19 03:55:00,998.8405576373333
2025-05-19 04:00:00,996.1288659130278
2025-05-19 04:05:00,996.7363829072777
2025-05-19 04:10:00,995.3309585788111
2025-05-19 04:15:00,1001.8623537170432
2025-05-19 04:20:00,1001.2408518140473
2025-05-19 04:25:00,1000.1384759278786
2025-05-19 04:30:00,1000.2803956016874
2025-05-19 04:35:00,1000.7049519110745
2025-05-19 04:40:00,1000.6474248623867
2025-05-19 04:45:00,1003.7555946999049
2025-05-19 04:50:00,1005.9935370298625
2025-05-19 04:55:00,1002.2735110585724
2025-05-19 05:00:00,1002.9924767755215
2025-05-19 05:05:00,999.9802597054121
2025-05-19 05:10:00,1000.7350007360412
2025-05-19 05:15:00,999.7490359850128
2025-05-19 05:20:00,1000.9528642792969
2025-05-19 05:25:00,1002.2048704678417
2025-05-19 05:30:00,1000.279603580055
2025-05-19 05:35:00,1000.5930299462846
2025-05-19 05:40:00,997.2202562711066
2025-05-19 05:45:00,996.6007123258146
2025-05-19 05:50:00,994.6963725899595
2025-05-19 05:55:00,996.0099046029746
2025-05-19 06:00:00,996.3999687882781
2025-05-19 06:05:00,992.1427249711161
2025-05-19 06:10:00,987.6609335712359
2025-05-19 06:20:00,988.2456844507706
2025-05-19 06:25:00,984.7323192858945
2025-05-19 06:35:00,984.2399531262515
2025-05-19 06:40:00,983.7478331496884
2025-05-19 06:45:00,982.419642153681
2025-05-19 06:50:00,982.087567287193
2025-05-19 06:55:00,988.2475023494856
2025-05-19 07:00:00,985.1709908737328
2025-05-19 07:05:00,980.3921532251443
2025-05-19 07:10:00,975.4531730664366
2025-05-19 07:15:00,970.4907817999857
2025-05-19 08:45:00,965.3707983468737
2025-05-19 08:50:00,965.6253334126758
2025-05-19 08:55:00,964.3675405425885
2025-05-19 09:00:00,963.3441853129779
2025-05-19 09:05:00,965.4245988195581
2025-05-19 09:10:00,963.0045277972001
2025-05-19 09:15:00,962.6003380355331
2025-05-19 09:20:00,960.156432236076
2025-05-19 09:25:00,961.8743024792934
2025-05-19 09:30:00,961.8960736151098
2025-05-19 09:35:00,961.8408803187564
2025-05-19 09:40:00,958.5894148560753
2025-05-19 09:45:00,959.6876334347154
2025-05-19 09:50:00,960.3661797766463
2025-05-19 09:55:00,959.2685467600351
2025-05-19 10:00:00,962.0488266353663
2025-05-19 10:05:00,963.2080575893737
2025-05-19 10:10:00,963.4312972485459
2025-05-19 10:15:00,958.8715451628874
2025-05-19 10:20:00,956.4327196634325
2025-05-19 10:25:00,954.3884593137366
2025-05-19 10:30:00,956.0937308700414
2025-05-19 10:35:00,955.2324186591121
2025-05-19 10:40:00,954.9463392677685
2025-05-19 10:45:00,955.4281869404433
2025-05-19 10:50:00,956.2207842961686
2025-05-19 10:55:00,957.3274848085457
2025-05-19 11:00:00,954.2317000173764
2025-05-19 11:05:00,955.4098997676882
2025-05-19 11:10:00,955.9364257926572
2025-05-19 11:15:00,953.2657663817657
2025-05-19 11:20:00,954.3285210906326
2025-05-19 11:25:00,952.0856456254307
2025-05-19 11:30:00,953.2234375397345
2025-05-19 11:35:00,950.1070595185789
2025-05-19 11:40:00,946.2945057986756
2025-05-19 12:05:00,949.7569288476927
2025-05-19 12:10:00,948.9371580188551
2025-05-19 12:15:00,948.6925305083148
2025-05-19 12:20:00,947.568028110728
2025-05-19 12:25:00,945.8370172983591
2025-05-19 12:30:00,948.3875318384503
2025-05-19 12:35:00,947.6065406501814
2025-05-19 12:40:00,946.2148845678616
2025-05-19 12:45:00,946.7367454584567
2025-05-19 12:50:00,947.8770019258076
2025-05-19 12:55:00,946.7500439308935
2025-05-19 13:00:00,943.1918310435422
2025-05-19 13:05:00,946.7493296056269
2025-05-19 13:10:00,945.0849302992458
2025-05-19 13:15:00,943.197590034247
2025-05-19 13:20:00,943.2608570145248
2025-05-19 13:25:00,944.4763598262062
2025-05-19 13:30:00,940.9046711010528
2025-05-19 13:35:00,937.1083640193967
2025-05-19 13:40:00,934.1242813061491
2025-05-19 14:15:00,929.2293059038233
2025-05-19 14:25:00,929.9666046619029
2025-05-19 14:30:00,926.8851558319863
2025-05-19 18:15:00,931.4442800399955
2025-05-19 18:20:00,929.7201495108251
2025-05-19 18:25:00,928.959929210667
2025-05-19 18:30:00,934.549496576182
2025-05-19 18:35:00,929.1016971095187
2025-05-19 18:40:00,930.7527901062517
2025-05-19 18:45:00,931.1441860706176
2025-05-19 18:50:00,932.2115770208242
2025-05-19 18:55:00,930.8861178747394
2025-05-19 19:00:00,930.271482393673
2025-05-19 19:05:00,930.5904091476706
2025-05-19 19:10:00,930.3867046933992
2025-05-19 19:15:00,926.3254199179071
2025-05-19 19:20:00,929.5830373329396
2025-05-19 19:25:00,930.3536964881348
2025-05-19 19:30:00,925.8698285101667
2025-05-19 19:35:00,921.3693882963461
2025-05-19 19:45:00,919.5514829888144
2025-05-19 19:50:00,917.7047517676989
2025-05-19 19:55:00,918.8909246399646
2025-05-19 20:00:00,915.5578989762926
2025-05-19 20:05:00,917.5413162712891
2025-05-19 20:10:00,920.2814754246307
2025-05-19 20:15:00,917.8384442682394
2025-05-19 20:20:00,913.5987773013276
2025-05-19 20:25:00,910.2610988356527
2025-05-19 20:30:00,912.8762934211964
2025-05-19 20:35:00,910.8674673674577
2025-05-19 21:05:00,912.415461239357
2025-05-19 21:10:00,909.09481139151
2025-05-19 21:15:00,910.8912175922949
2025-05-19 21:20:00,912.4820616250732
2025-05-19 21:25:00,916.4984094890445
2025-05-19 21:30:00,912.4786253417634
2025-05-19 21:35:00,910.0874669627921
2025-05-19 21:40:00,910.2887888998504
2025-05-19 21:45:00,908.4156359270695
2025-05-19 21:50:00,905.3997667320775
2025-05-19 21:55:00,903.4417707437813
2025-05-19 22:00:00,905.9780027979907
2025-05-19 22:05:00,904.1573368497332
2025-05-19 22:10:00,906.0884204908962
2025-05-19 22:15:00,907.2696038927586
2025-05-19 22:20:00,908.6781209661556
2025-05-19 22:25:00,908.4067028576344
2025-05-19 22:30:00,905.7686545598374
2025-05-19 22:35:00,907.0279294492688
2025-05-19 22:40:00,904.7215586231362
2025-05-19 22:45:00,903.401151253637
2025-05-19 22:50:00,902.6967813453117
2025-05-19 22:55:00,902.534157336966
2025-05-19 23:00:00,901.0388738816413
2025-05-19 23:05:00,899.119580835081
2025-05-19 23:10:00,899.3502500816893
2025-05-19 23:15:00,897.9714202835926
2025-05-20 01:00:00,893.1274885424417
2025-05-20 03:35:00,889.9224896169848
2025-05-20 07:30:00,888.5625977796982
2025-05-20 07:35:00,889.884707454298
2025-05-20 07:40:00,888.1169451741065
2025-05-20 07:45:00,887.6728867015195
2025-05-20 07:50:00,887.5337667117622
2025-05-20 07:55:00,887.293205300446
2025-05-20 08:00:00,885.2302873931641
2025-05-20 08:05:00,888.0766004659964
2025-05-20 08:10:00,892.7245866841645
2025-05-20 08:15:00,890.3497960289063
2025-05-20 08:20:00,891.4209313579112
2025-05-20 08:25:00,891.8394698367738
2025-05-20 08:30:00,891.3243884523914
2025-05-20 08:35:00,894.0110649915005
2025-05-20 08:40:00,890.5130638133345
2025-05-20 08:45:00,889.5159361441974
2025-05-20 08:50:00,891.2523825968433
2025-05-20 08:55:00,889.3545295251497
2025-05-20 09:00:00,890.5721971753874
2025-05-20 09:05:00,888.3308455224591
2025-05-20 09:10:00,889.1651025533863
2025-05-20 09:15:00,889.6562643803815
2025-05-20 09:20:00,891.0569071684324
2025-05-20 09:25:00,890.8905537464667
2025-05-20 09:30:00,888.4306191082954
2025-05-20 09:35:00,884.5258588217373
2025-05-20 09:40:00,883.9811490705958
2025-05-20 09:50:00,885.1622194385684
2025-05-20 09:55:00,884.2015552442706
2025-05-20 10:00:00,885.874105720075
2025-05-20 10:05:00,882.0626749990714
2025-05-20 10:10:00,882.8641799074619
2025-05-20 10:15:00,885.4488759260871
2025-05-20 10:20:00,885.1457351368867
2025-05-20 10:25:00,884.9125650928661
2025-05-20 10:30:00,886.0458078222371
2025-05-20 10:35:00,885.3574981725079
2025-05-20 10:40:00,882.7892366389237
2025-05-20 10:45:00,883.2181681865468
2025-05-20 10:50:00,881.6994637753968
2025-05-20 10:55:00,880.2895614062933
2025-05-20 11:00:00,881.6884133443341
2025-05-20 11:05:00,883.6235226966463
2025-05-20 11:10:00,881.7158689275068
2025-05-20 11:15:00,880.406085704365
2025-05-20 11:20:00,881.9180025854693
2025-05-20 11:25:00,878.4699313979803
2025-05-20 11:30:00,874.9444899285996
2025-05-20 11:55:00,872.7318669432417
2025-05-20 12:00:00,873.2168241411224
2025-05-20 12:05:00,871.5545526883047
2025-05-20 12:20:00,875.059825017149
2025-05-20 12:25:00,875.7607077130756
2025-05-20 12:30:00,877.5087593951115
2025-05-20 12:35:00,877.3135062171806
2025-05-20 12:40:00,876.0071157381885
2025-05-20 12:45:00,876.3676917943494
2025-05-20 12:50:00,872.9029925146972
2025-05-20 12:55:00,871.4331120612402
2025-05-20 13:00:00,867.9195599487224
2025-05-20 13:05:00,870.9883221405281
2025-05-20 13:10:00,870.7596971874716
2025-05-20 13:15:00,868.9841583731986
2025-05-20 13:20:00,867.0459969936965
2025-05-20 13:25:00,867.8434905550582
2025-05-20 13:30:00,868.1982057233629
2025-05-20 13:35:00,864.8678410205606
2025-05-20 13:40:00,866.3788537190746
2025-05-20 13:45:00,867.2474593274593
2025-05-20 13:50:00,863.6642402272611
2025-05-20 13:55:00,864.1464459907369
2025-05-20 14:00:00,861.1888103232982
2025-05-20 14:10:00,864.1034914506645
2025-05-20 14:35:00,864.3847887622733
2025-05-20 14:40:00,862.0243741950896
2025-05-20 14:55:00,863.4617155932983
2025-05-20 15:00:00,865.0812875124892
2025-05-20 15:05:00,864.3749003073171
2025-05-20 15:10:00,863.4644026356497
2025-05-20 15:15:00,863.1009392833702
2025-05-20 15:20:00,864.1072057044909
2025-05-20 15:25:00,861.390958036216
2025-05-20 15:30:00,859.9431119336804
2025-05-20 15:35:00,860.5309851405167
2025-05-20 15:40:00,861.3264502590511
2025-05-20 15:45:00,861.4759197460611
2025-05-20 15:50:00,860.9086995428822
2025-05-20 15:55:00,859.627477642768
2025-05-20 16:00:00,857.2021484341275
2025-05-20 16:05:00,859.5571120744518
2025-05-20 16:10:00,861.7988929199848
2025-05-20 16:15:00,861.5741325804264
2025-05-20 16:20:00,865.7956236317126
2025-05-20 16:25:00,865.851718023013
2025-05-20 16:30:00,864.0260758731489
2025-05-20 16:35:00,861.8293319633849
2025-05-20 16:40:00,861.4674575386883
2025-05-20 16:45:00,863.5006373405847
2025-05-20 16:50:00,864.6048681038592
2025-05-20 16:55:00,864.2075217977326
2025-05-20 17:00:00,862.208815616559
2025-05-20 17:05:00,858.7530935261238
2025-05-20 17:10:00,855.2681671767218
2025-05-20 17:15:00,857.9077204953452
2025-05-20 17:20:00,855.810215460045
2025-05-20 17:25:00,854.0278587966293
2025-05-20 17:30:00,855.3992983206726
2025-05-20 17:35:00,855.0395846275067
2025-05-20 17:40:00,851.4582177008659
2025-05-20 18:25:00,853.0454728380626
2025-05-20 18:30:00,853.7843127694551
2025-05-20 18:35:00,853.1859642083854
2025-05-20 18:40:00,853.9276484225392
2025-05-20 18:45:00,858.1242140414234
2025-05-20 18:50:00,856.9279732645023
2025-05-20 18:55:00,857.3718604193152
2025-05-20 19:00:00,856.2112716814305
2025-05-20 19:05:00,853.4982742482837
2025-05-20 19:10:00,851.6612958355821
2025-05-20 19:15:00,849.5262629402621
2025-05-20 19:20:00,845.9517744201763
2025-05-20 19:30:00,842.3763248704149
2025-05-20 19:35:00,843.885055606798
2025-05-20 22:20:00,846.0799149529443
2025-05-20 22:25:00,843.348654446213
2025-05-20 22:30:00,843.2606888299927
2025-05-20 22:35:00,845.1877871270746
2025-05-20 22:40:00,841.6425012507403
2025-05-20 22:50:00,839.567508417468
2025-05-20 23:40:00,839.0152589787505
2025-05-20 23:45:00,837.1774929902673
2025-05-20 23:50:00,837.5172171903213
2025-05-20 23:55:00,835.5539514323914
2025-05-21 00:55:00,835.5639549138514
2025-05-21 01:00:00,835.937426681578
2025-05-21 01:05:00,832.5394241458944
2025-05-21 01:15:00,832.8766727226359
2025-05-21 01:20:00,833.6434845921947
2025-05-21 01:25:00,832.8322565332645
2025-05-21 01:30:00,831.2371188593461
2025-05-21 01:35:00,830.7234847603921
2025-05-21 01:40:00,830.9294325051181
2025-05-21 01:45:00,830.317808810465
2025-05-21 01:50:00,830.9507001538482
2025-05-21 01:55:00,832.0154235808643
2025-05-21 02:00:00,835.8247021292614
2025-05-21 02:05:00,836.8152570181835
2025-05-21 02:10:00,834.2590489566087
2025-05-21 02:15:00,830.7325166145982
2025-05-21 02:20:00,827.6915735022625
2025-05-21 02:25:00,827.5394897564672
2025-05-21 02:30:00,825.9188236331503
2025-05-21 02:35:00,822.917791135135
2025-05-21 02:40:00,819.5605786574286
2025-05-21 02:45:00,816.1120306924155
2025-05-21 04:20:00,816.1533755750277
2025-05-21 04:25:00,815.8095123707631
2025-05-21 04:30:00,815.8514080703586
2025-05-21 04:35:00,812.8597807446622
2025-05-21 05:00:00,811.052746595488
2025-05-21 07:20:00,814.6928367158367
2025-05-21 07:25:00,813.6924188837777
2025-05-21 07:30:00,813.2232303192267
2025-05-21 07:35:00,815.2296510252454
2025-05-21 07:40:00,815.956137267702
2025-05-21 07:45:00,812.0160168641291
2025-05-21 07:50:00,810.9578121007768
2025-05-21 08:25:00,808.0361460048022
2025-05-21 08:30:00,807.6630824271263
2025-05-21 08:35:00,806.6105503301501
2025-05-21 08:40:00,808.5967884673973
2025-05-21 08:45:00,808.4415189578164
2025-05-21 08:50:00,806.6107096655747
2025-05-21 08:55:00,807.2311006963647
2025-05-21 09:00:00,804.7581369769525
2025-05-21 09:05:00,805.2816186274895
2025-05-21 09:10:00,805.6215150414376
2025-05-21 09:15:00,805.8386992931838
2025-05-21 09:20:00,801.804611966862
2025-05-21 09:25:00,803.4907833714033
2025-05-21 09:30:00,803.0890379797175
2025-05-21 09:35:00,800.9428454248696
2025-05-21 09:40:00,803.5254586284132
2025-05-21 09:45:00,803.9274686724268
2025-05-21 09:50:00,803.1855648229451
2025-05-21 09:55:00,804.5516005036575
2025-05-21 10:00:00,806.2414211574048
2025-05-21 10:05:00,805.7444495907237
2025-05-21 10:10:00,805.6544635299507
2025-05-21 10:15:00,806.5384237155885
2025-05-21 10:20:00,807.5856497531996
2025-05-21 10:25:00,806.3311697972628
2025-05-21 10:30:00,803.8935532366316
2025-05-21 10:35:00,802.5265855434111
2025-05-21 10:40:00,803.4973757851401
2025-05-21 10:45:00,803.7210142203679
2025-05-21 10:50:00,801.6061933248938
2025-05-21 10:55:00,803.5487198392138
2025-05-21 11:00:00,800.5180831342742
2025-05-21 11:05:00,797.4698690827347
2025-05-21 11:10:00,794.371006867315
2025-05-21 11:15:00,791.2289597635136
2025-05-21 13:05:00,791.9652456668382
2025-05-21 13:10:00,793.1679506517173
2025-05-21 13:15:00,790.6885963394933
2025-05-21 13:20:00,789.8053232561712
2025-05-21 13:25:00,788.650349261823
2025-05-21 13:30:00,785.349916031111
2025-05-21 13:35:00,785.2273270205268
2025-05-21 13:40:00,782.7455490509947
2025-05-21 13:45:00,781.9974911322217
2025-05-21 16:10:00,780.5946216796037
2025-05-21 16:15:00,777.0599194481639
2025-05-21 17:25:00,779.6942488130635
2025-05-21 17:30:00,774.2648480639141
2025-05-21 17:35:00,771.404796829364
2025-05-21 17:40:00,774.0472988622494
2025-05-21 17:45:00,773.5691393456053
2025-05-21 17:50:00,777.6352140536266
2025-05-21 17:55:00,773.7283771855389
2025-05-21 18:00:00,774.5628679727718
2025-05-21 18:05:00,771.3837128570154
2025-05-21 18:10:00,772.5759892566281
2025-05-21 18:15:00,771.5525126760917
2025-05-21 18:20:00,770.0488071054908
2025-05-21 18:25:00,772.0914271127372
2025-05-21 18:30:00,769.0463313997318
2025-05-21 18:35:00,766.5664772672726
2025-05-21 18:40:00,762.7237989102146
2025-05-21 18:50:00,764.3419085862733
2025-05-21 18:55:00,765.4307805825194
2025-05-21 19:00:00,761.4740693295861
2025-05-21 19:05:00,764.6823695423507
2025-05-21 19:10:00,762.0012643045319
2025-05-21 19:15:00,763.1135639473356
2025-05-21 19:20:00,761.8665960377821
2025-05-21 19:25:00,760.6236209416712
2025-05-21 19:30:00,759.7986733434325
2025-05-21 19:35:00,755.9896463021099
2025-05-21 19:40:00,756.6955706029293
2025-05-21 19:45:00,755.0022977065245
2025-05-21 19:50:00,755.8532986692346
2025-05-21 19:55:00,752.1930592965847
2025-05-21 20:00:00,752.0490673906489
2025-05-21 20:40:00,752.0808469836663
2025-05-21 20:45:00,752.580745119438
2025-05-21 20:50:00,751.4463338877886
2025-05-21 20:55:00,750.7506235083653
2025-05-21 21:00:00,751.9512291354018
2025-05-21 21:05:00,748.8545285461147
2025-05-22 02:45:00,748.1474002695294
2025-05-22 02:50:00,745.7073819810214
2025-05-22 06:35:00,746.9470489132095
2025-05-22 06:40:00,745.6014220824923
2025-05-22 06:45:00,746.4246543920266
2025-05-22 06:50:00,745.5786693701709
2025-05-22 06:55:00,746.6839854247512
2025-05-22 07:00:00,743.868867485648
2025-05-22 07:05:00,742.449463365236
2025-05-22 07:10:00,741.2273094201431
2025-05-22 07:15:00,738.3395716708758
2025-05-22 07:20:00,740.2200988557973
2025-05-22 07:25:00,740.5388988827374
2025-05-22 07:30:00,737.6124558572824
2025-05-22 07:35:00,735.4571387270939
2025-05-22 07:40:00,733.664522441963
2025-05-22 07:45:00,732.4681767152922
2025-05-22 11:10:00,730.2576752136607
2025-05-22 11:30:00,728.2412233086075
2025-05-22 11:35:00,728.996080211366
2025-05-22 11:40:00,726.8006004613527
2025-05-22 11:45:00,726.9140339127005
2025-05-22 11:50:00,723.7968896476903
2025-05-22 11:55:00,725.7803608664012
2025-05-22 12:00:00,724.2847559822349
2025-05-22 12:05:00,722.4564501305955
2025-05-22 12:10:00,726.6436300103055
2025-05-22 12:15:00,723.7447677590911
2025-05-22 12:20:00,723.3565907750896
2025-05-22 12:25:00,723.4951226713139
2025-05-22 12:30:00,721.1952546684173
2025-05-22 12:35:00,720.7041664760783
2025-05-22 12:40:00,721.154123008855
2025-05-22 12:45:00,719.386670129342
2025-05-22 12:50:00,719.4693400074798
2025-05-22 12:55:00,720.1012569486579
2025-05-22 13:00:00,724.2101073345904
2025-05-22 13:05:00,724.2207026743463
2025-05-22 13:10:00,724.7927606945577
2025-05-22 13:15:00,724.4303643142105
2025-05-22 13:20:00,721.1994600110886
2025-05-22 13:25:00,720.2861968501886
2025-05-22 13:30:00,722.8406903635029
2025-05-22 13:35:00,721.3130559388259
2025-05-22 13:40:00,721.6944910321927
2025-05-22 13:45:00,721.0951459376904
2025-05-22 13:50:00,720.232222016349
2025-05-22 13:55:00,720.2951497949246
2025-05-22 14:00:00,717.1080991182607
2025-05-22 14:05:00,714.5919298933658
2025-05-22 14:10:00,715.5084626742272
2025-05-22 14:15:00,715.4633395800912
2025-05-22 14:20:00,715.5490230314408
2025-05-22 14:25:00,714.3065053828581
2025-05-22 14:30:00,711.3527410729528
2025-05-22 16:30:00,713.047527148968
2025-05-22 16:35:00,710.1790529341732
2025-05-22 16:40:00,709.5892710571001
2025-05-22 16:45:00,710.1749525926213
2025-05-22 16:50:00,711.4219609783128
2025-05-22 16:55:00,711.8573048098825
2025-05-22 17:00:00,710.5803038592023
2025-05-22 17:05:00,710.7511746134994
2025-05-22 17:10:00,709.6081176357825
2025-05-22 17:15:00,706.9848997802894
2025-05-22 17:20:00,705.493611588251
2025-05-22 17:25:00,706.4878198346888
2025-05-22 17:30:00,706.3681856822302
2025-05-22 17:35:00,705.4708441462736
2025-05-22 17:40:00,704.7561697100533
2025-05-22 17:45:00,706.8483333208715
2025-05-22 17:50:00,706.7820548690544
2025-05-22 17:55:00,705.517459630613
2025-05-22 18:00:00,705.9982763958567
2025-05-22 18:05:00,705.8278405356334
2025-05-22 18:10:00,705.3185509029656
2025-05-22 18:15:00,702.9615866831535
2025-05-22 18:20:00,702.997000430072
2025-05-22 18:25:00,701.9504338541425
2025-05-22 18:30:00,702.2174634212396
2025-05-22 18:35:00,700.608636445957
2025-05-22 18:40:00,702.5265081268233
2025-05-22 18:45:00,702.2010920584893
2025-05-22 18:50:00,701.540242464353
2025-05-22 18:55:00,701.2152623674743
2025-05-22 19:00:00,702.9391026687438
2025-05-22 19:05:00,701.9907784451789
2025-05-22 19:10:00,701.0447440678145
2025-05-22 19:15:00,702.0689209497244
2025-05-22 19:20:00,701.4064556504429
2025-05-22 19:25:00,700.0990305005109
2025-05-22 19:30:00,701.6693356541405
2025-05-22 19:35:00,702.4142886005573
2025-05-22 19:40:00,701.72387693353
2025-05-22 19:45:00,701.7383330925298
2025-05-22 19:50:00,700.8143185692849
2025-05-22 19:55:00,699.65921314066
2025-05-22 20:00:00,697.3506156468732
2025-05-22 20:05:00,694.9538389163441
2025-05-22 20:10:00,693.4130684695928
2025-05-22 20:15:00,693.9807527948783
2025-05-22 20:40:00,691.6879229700238
2025-05-22 21:00:00,692.8279271393633
2025-05-22 21:05:00,694.546574061455
2025-05-22 21:10:00,693.8632215120555
2025-05-22 21:15:00,692.7946432850622
2025-05-22 21:20:00,693.5583283028614
2025-05-22 21:25:00,694.0145785021741
2025-05-22 21:30:00,691.7135246333532
2025-05-22 21:35:00,691.1363771249487
2025-05-22 21:40:00,690.8678586997224
2025-05-22 21:45:00,691.6299150001701
2025-05-22 21:50:00,690.8977721687963
2025-05-22 21:55:00,690.2438638264271
2025-05-22 22:00:00,688.8490386891398
2025-05-22 22:05:00,686.7277556699244
2025-05-22 22:10:00,684.5221602113911
2025-05-22 22:15:00,682.2765808876139
2025-05-22 22:20:00,683.4431250829265
2025-05-22 22:55:00,683.0003547845112
2025-05-22 23:00:00,682.6588546071189
2025-05-22 23:05:00,683.3044652498656
2025-05-22 23:10:00,681.1094668744456
2025-05-23 00:10:00,678.6782918222027
2025-05-23 00:35:00,677.8344716744168
2025-05-23 00:40:00,678.0254280205169
2025-05-23 00:45:00,675.378481929396
2025-05-23 00:50:00,676.3842848428624
2025-05-23 00:55:00,677.1710665627239
2025-05-23 01:00:00,674.3372550091735
2025-05-23 01:05:00,674.9190050040665
2025-05-23 04:20:00,675.4771129662449
2025-05-23 04:25:00,674.1731648360724
2025-05-23 04:30:00,679.6982403141877
2025-05-23 04:35:00,680.8735787637999
2025-05-23 04:40:00,680.9317215609913
2025-05-23 04:45:00,679.5728636164579
2025-05-23 04:50:00,676.1867669002002
2025-05-23 04:55:00,677.6920148775205
2025-05-23 05:00:00,676.7875648225389
2025-05-23 05:05:00,673.1021604028645
2025-05-23 05:10:00,673.4929727983523
2025-05-23 05:15:00,675.3292568578875
2025-05-23 05:20:00,675.8506648466725
2025-05-23 05:25:00,677.067383587761
2025-05-23 05:30:00,678.4932110585132
2025-05-23 05:35:00,676.6910533488891
2025-05-23 05:40:00,676.3032565613736
2025-05-23 05:45:00,674.8567340923448
2025-05-23 05:50:00,674.2982506005778
2025-05-23 05:55:00,672.9822972212486
2025-05-23 06:00:00,672.4261483996492
2025-05-23 06:05:00,674.2991181156942
2025-05-23 06:10:00,676.366638205799
2025-05-23 06:15:00,676.0284548866961
2025-05-23 06:20:00,677.6653777177561
2025-05-23 06:25:00,675.4326504673561
2025-05-23 06:30:00,675.0452663246015
2025-05-23 06:35:00,673.1267257215653
2025-05-23 06:40:00,674.448719677892
2025-05-23 06:45:00,676.057308313129
2025-05-23 06:50:00,677.150646814973
2025-05-23 06:55:00,675.1103106820667
2025-05-23 07:00:00,672.2222727655662
2025-05-23 07:05:00,671.2708889917396
2025-05-23 07:10:00,670.4934664905034
2025-05-23 07:15:00,670.1827368505187
2025-05-23 07:20:00,668.5538564148144
2025-05-23 07:25:00,668.146540099526
2025-05-23 07:30:00,668.4707152634938
2025-05-23 07:35:00,669.8033669112863
2025-05-23 07:40:00,667.7336031582735
2025-05-23 07:45:00,669.458524444541
2025-05-23 07:50:00,670.9769504688524
2025-05-23 07:55:00,670.542432113835
2025-05-23 08:00:00,669.1712312961898
2025-05-23 08:05:00,667.3418659416715
2025-05-23 08:10:00,668.0623313776483
2025-05-23 08:15:00,666.4326582490271
2025-05-23 08:20:00,665.4665986359554
2025-05-23 08:25:00,664.3095479235792
2025-05-23 08:30:00,664.8753055216921
2025-05-23 08:35:00,662.4044439765651
2025-05-23 11:45:00,669.3548693558799
2025-05-23 11:50:00,674.5339075714526
2025-05-23 11:55:00,676.9717532026463
2025-05-23 12:00:00,684.1634538741288
2025-05-23 12:05:00,681.4446919210092
2025-05-23 12:10:00,682.8685391633563
2025-05-23 12:15:00,680.0271188102197
2025-05-23 12:20:00,680.4569072043432
2025-05-23 12:25:00,678.6356998621501
2025-05-23 12:30:00,674.0252846610258
2025-05-23 12:35:00,675.5348453792035
2025-05-23 12:40:00,677.7445812611473
2025-05-23 12:45:00,678.9142782118431
2025-05-23 12:50:00,678.2569773095294
2025-05-23 12:55:00,677.6798639165555
2025-05-23 13:00:00,678.1089481817518
2025-05-23 13:05:00,677.5580508622434
2025-05-23 13:10:00,677.2721977898557
2025-05-23 13:15:00,676.247208512658
2025-05-23 13:20:00,674.1261750844693
2025-05-23 13:25:00,674.6275773888232
2025-05-23 13:30:00,670.4661683395832
2025-05-23 13:35:00,671.4392370072239
2025-05-23 13:40:00,669.2893692104908
2025-05-23 13:45:00,669.3627345048297
2025-05-23 13:50:00,668.366275394132
2025-05-23 13:55:00,666.4134045388378
2025-05-23 14:25:00,667.5763314312331
2025-05-23 14:30:00,664.6464410931466
2025-05-23 15:00:00,665.0737138052779
2025-05-23 15:05:00,666.0383606490051
2025-05-23 15:10:00,666.317790535944
2025-05-23 15:15:00,666.8548991913145
2025-05-23 15:20:00,665.4490293398949
2025-05-23 15:25:00,665.4734148532362
2025-05-23 15:30:00,663.9207452129898
2025-05-23 15:35:00,664.5296146976365
2025-05-23 15:40:00,665.0905348562791
2025-05-23 15:45:00,667.2022294654988
2025-05-23 15:50:00,667.2045030790441
2025-05-23 15:55:00,668.1156853481745
2025-05-23 16:00:00,667.0043872945322
2025-05-23 16:05:00,667.4746297952071
2025-05-23 16:10:00,668.1297437837098
2025-05-23 16:15:00,668.8932870334997
2025-05-23 16:20:00,666.1607841741322
2025-05-23 16:25:00,663.3733363894461
2025-05-23 16:30:00,662.9647636136494
2025-05-23 16:35:00,664.695059380229
2025-05-23 16:40:00,665.816051040188
2025-05-23 16:45:00,664.3948695813052
2025-05-23 16:50:00,662.8775409226607
2025-05-23 16:55:00,661.9559425392389
2025-05-23 17:00:00,659.3881716894275
2025-05-23 17:05:00,658.931525702988
2025-05-23 17:10:00,657.5398382436782
2025-05-23 17:15:00,657.6406677576902
2025-05-23 17:20:00,655.8524366979946
2025-05-23 17:25:00,656.3799264243951
2025-05-23 17:35:00,656.7648053655006
2025-05-23 17:40:00,656.7680192992226
2025-05-23 17:45:00,655.5746634637219
2025-05-23 17:50:00,654.0576824159423
2025-05-23 17:55:00,654.4643559107262
2025-05-23 18:00:00,654.3904778501101
2025-05-23 18:05:00,654.1392979226367
2025-05-23 18:10:00,654.0403456667823
2025-05-23 18:15:00,654.5517736101405
2025-05-23 18:20:00,653.4381427015591
2025-05-23 18:25:00,652.8583884138585
2025-05-23 18:30:00,653.7499786010206
2025-05-23 18:35:00,652.561439040762
2025-05-23 18:40:00,652.5897011707671
2025-05-23 18:45:00,651.9092329670885
2025-05-23 18:50:00,652.3939846872655
2025-05-23 18:55:00,652.0931430771484
2025-05-23 19:00:00,651.9192295975479
2025-05-23 19:05:00,649.9777866245901
2025-05-23 19:10:00,650.1047640512671
2025-05-23 19:15:00,650.4087803757471
2025-05-23 19:20:00,649.2298893528857
2025-05-23 19:25:00,647.9556694892174
2025-05-23 19:50:00,648.4115730706152
2025-05-23 19:55:00,646.5737754174626
2025-05-23 20:00:00,648.8505158143637
2025-05-23 20:05:00,648.8557394819522
2025-05-23 20:10:00,649.1664981376655
2025-05-23 20:15:00,647.2454362809783
2025-05-23 20:20:00,646.5684309831664
2025-05-23 20:25:00,645.716493246002
2025-05-23 20:30:00,648.2853571957195
2025-05-23 20:35:00,649.5221763387423
2025-05-23 20:40:00,648.1496339620189
2025-05-23 20:45:00,647.1892699418238
2025-05-23 20:50:00,648.0389513538823
2025-05-23 20:55:00,648.1240796653439
2025-05-23 21:00:00,648.1072097005559
2025-05-23 21:05:00,648.8103487570902
2025-05-23 21:10:00,647.8445224059113
2025-05-23 21:15:00,645.7047768608325
2025-05-23 21:20:00,645.3055819828229
2025-05-23 21:25:00,645.6455129186917
2025-05-23 21:30:00,647.1432156355138
2025-05-23 21:35:00,646.6398392126825
2025-05-23 21:40:00,645.8295917033076
2025-05-23 21:45:00,644.1811662203479
2025-05-23 21:50:00,645.9060447068924
2025-05-23 21:55:00,646.0198271375664
2025-05-23 22:00:00,645.0557210157394
2025-05-23 22:05:00,644.1963710049054
2025-05-23 22:10:00,642.7802584452635
2025-05-23 22:15:00,643.477537505336
2025-05-23 22:20:00,643.2067955298553
2025-05-23 22:25:00,643.2935125863229
2025-05-23 22:30:00,642.1317911994263
2025-05-23 22:35:00,643.9595210356707
2025-05-23 22:40:00,644.6153428335065
2025-05-23 22:45:00,645.7679498434285
2025-05-23 22:50:00,644.798314857126
2025-05-23 22:55:00,645.2527187454654
2025-05-23 23:00:00,644.8264789426971
2025-05-23 23:05:00,645.9341244266874
2025-05-23 23:10:00,645.4029258607904
2025-05-23 23:15:00,646.6482587172497
2025-05-23 23:20:00,647.2966665987975
2025-05-23 23:25:00,646.4218817913425
2025-05-23 23:30:00,647.7053750631952
2025-05-23 23:35:00,647.9896716092713
2025-05-23 23:40:00,648.30179228879
2025-05-23 23:45:00,646.7887270290872
2025-05-23 23:50:00,646.4389761567288
2025-05-23 23:55:00,646.2211600562515
2025-05-24 00:00:00,647.912520688868
2025-05-24 00:05:00,645.2752163590799
2025-05-24 00:10:00,645.5274574566548
2025-05-24 00:15:00,644.6827179395731
2025-05-24 00:20:00,645.6951775961488
2025-05-24 00:25:00,646.5034671635731
2025-05-24 00:30:00,643.9308708966121
2025-05-24 00:35:00,642.3891428087319
2025-05-24 00:40:00,643.4721343493609
2025-05-24 00:45:00,643.6721888549638
2025-05-24 00:50:00,643.6376830940078
2025-05-24 00:55:00,645.0754417278688
2025-05-24 01:00:00,643.3117166930463
2025-05-24 01:05:00,642.6246317981947
2025-05-24 01:10:00,643.9280942629615
2025-05-24 01:15:00,641.4821486167382
2025-05-24 01:20:00,641.3171070930649
2025-05-24 01:25:00,642.4297049755248
2025-05-24 01:30:00,641.9519399553068
2025-05-24 01:35:00,641.6831170391885
2025-05-24 01:40:00,641.8844360446196
2025-05-24 01:45:00,641.1722281186703
2025-05-24 01:50:00,643.3197087303749
2025-05-24 01:55:00,643.8432710257623
2025-05-24 02:00:00,642.8881647277097
2025-05-24 02:05:00,641.5687733308176
2025-05-24 02:10:00,641.9045267801437
2025-05-24 02:15:00,640.6665680499248
2025-05-24 02:20:00,641.7645684275387
2025-05-24 02:25:00,641.1282710539929
2025-05-24 02:30:00,639.9435114710033
2025-05-24 02:35:00,638.1664023385753
2025-05-24 02:40:00,639.045411313864
2025-05-24 02:45:00,639.0130413665588
2025-05-24 02:50:00,638.8763637222577
2025-05-24 02:55:00,637.8534319914365
2025-05-24 03:00:00,635.8081567658223
2025-05-24 03:05:00,635.7221865967655
2025-05-24 03:10:00,634.2490271270494
2025-05-24 04:05:00,632.3873777736594
2025-05-24 04:15:00,630.7933240423912
2025-05-24 05:20:00,630.5550666259321
2025-05-24 05:25:00,629.4705693464099
2025-05-24 05:30:00,628.3898062716835
2025-05-24 05:35:00,629.2782467987442
2025-05-24 05:40:00,629.5540694767634
2025-05-24 05:45:00,628.931391853758
2025-05-24 05:50:00,627.645879802783
2025-05-24 05:55:00,626.5434931004643
2025-05-24 06:00:00,625.7484988559816
2025-05-24 06:05:00,624.0924082712813
2025-05-24 06:10:00,624.537694493654
2025-05-24 06:15:00,626.0038667258375
2025-05-24 06:20:00,624.2694196510278
2025-05-24 06:25:00,624.9185556254854
2025-05-24 06:35:00,624.35142255371
2025-05-24 06:40:00,623.9883666026358
2025-05-24 06:45:00,624.4921101320268
2025-05-24 06:50:00,623.7213155747834
2025-05-24 06:55:00,621.9646605281084
2025-05-24 07:00:00,620.2041793806414
2025-05-24 07:05:00,619.9442191115818
2025-05-24 07:10:00,620.4886492496869
2025-05-24 07:15:00,620.027569016485
2025-05-24 07:20:00,619.9438059666974
2025-05-24 07:30:00,621.2243398372888
2025-05-24 07:35:00,620.5599552642738
2025-05-24 07:40:00,620.9580770620574
2025-05-24 07:45:00,621.002431210419
2025-05-24 07:50:00,620.1352948299414
2025-05-24 07:55:00,619.371100440991
2025-05-24 08:00:00,618.7090418654872
2025-05-24 08:05:00,619.1558088720094
2025-05-24 08:10:00,619.8330342591961
2025-05-24 08:15:00,621.0504270667298
2025-05-24 08:20:00,620.944077221674
2025-05-24 08:25:00,619.7684261557073
2025-05-24 08:30:00,618.7743030030562
2025-05-24 08:35:00,617.7329074160856
2025-05-24 08:40:00,617.4492422069686
2025-05-24 08:45:00,616.8888262267395
2025-05-24 08:50:00,615.9029231660982
2025-05-24 08:55:00,615.5448779328058
2025-05-24 09:00:00,615.688347971757
2025-05-24 09:05:00,616.3867771457678
2025-05-24 09:10:00,615.8269356894455
2025-05-24 09:15:00,614.0986739579256
2025-05-24 09:20:00,612.3610384555659
2025-05-24 09:35:00,612.6268325905161
2025-05-24 09:50:00,612.9703885192781
2025-05-24 09:55:00,612.7139294727798
2025-05-24 10:00:00,612.582690812237
2025-05-24 10:05:00,613.2297965118368
2025-05-24 10:10:00,612.4717610206964
2025-05-24 10:15:00,610.9430764114685
2025-05-24 10:20:00,610.9614615032314
2025-05-24 10:25:00,610.3573194746942
2025-05-24 10:30:00,608.6958631629187
2025-05-24 10:40:00,606.9503435541584
2025-05-24 13:15:00,606.695867360629
2025-05-24 13:20:00,606.6376094598163
2025-05-24 13:25:00,605.3084922978389
2025-05-24 13:30:00,605.4940294318802
2025-05-24 13:35:00,605.7539182719208
2025-05-24 13:40:00,606.2362051731503
2025-05-24 13:45:00,605.8348952653851
2025-05-24 13:50:00,606.3436932681689
2025-05-24 13:55:00,606.2375942071911
2025-05-24 14:00:00,606.131641877022
2025-05-24 14:05:00,604.4136713529359
2025-05-24 14:10:00,603.7693804535895
2025-05-24 14:15:00,602.0551487742885
2025-05-24 14:20:00,602.5577705773608
2025-05-24 14:25:00,602.5492560149697
2025-05-24 14:30:00,601.2025642626626
2025-05-24 14:35:00,600.2242789306378
2025-05-24 14:40:00,600.4082186290198
2025-05-24 14:45:00,599.1667844961289
2025-05-24 14:50:00,598.794965918481
2025-05-24 14:55:00,598.7846086443319
2025-05-24 15:05:00,597.146278049233
2025-05-24 15:20:00,597.2583305362434
2025-05-24 15:25:00,597.4679033540085
2025-05-24 15:30:00,597.9458582594704
2025-05-24 15:35:00,597.1134380926395
2025-05-24 15:40:00,597.713490224542
2025-05-24 15:45:00,597.074664808627
2025-05-24 15:50:00,595.495991665751
2025-05-24 15:55:00,594.4773042126957
2025-05-24 16:00:00,595.4812075201988
2025-05-24 16:05:00,596.2978743837264
2025-05-24 16:10:00,596.4857057842555
2025-05-24 16:15:00,595.726350212269
2025-05-24 16:20:00,595.2105029278805
2025-05-24 16:25:00,595.0097271058826
2025-05-24 16:30:00,593.9157867351303
2025-05-24 16:35:00,593.6429208337607
2025-05-24 16:40:00,593.2738741822293
2025-05-24 16:45:00,591.5631080512846
2025-05-24 16:50:00,592.1046923785902
2025-05-24 16:55:00,592.4085191582506
2025-05-24 17:00:00,590.6779540936886
2025-05-24 17:05:00,589.2434098049857
2025-05-24 17:20:00,591.1349080565516
2025-05-24 17:25:00,589.3130595040018
2025-05-24 17:30:00,590.0984342391223
2025-05-24 17:35:00,588.300898601164
2025-05-24 17:40:00,588.6275705953909
2025-05-24 17:45:00,586.8553628389124
2025-05-24 17:50:00,586.4670975099752
2025-05-24 17:55:00,587.6024132406372
2025-05-24 18:00:00,587.022627731661
2025-05-24 18:05:00,586.7767411644877
2025-05-24 18:10:00,585.0457459204794
2025-05-24 18:15:00,584.5881291097039
2025-05-24 18:30:00,585.1504960526194
2025-05-24 18:35:00,584.9292284448627
2025-05-24 18:40:00,584.1623301957592
2025-05-24 18:45:00,585.2029749530504
2025-05-24 18:50:00,585.2206360542522
2025-05-24 18:55:00,585.6218119534425
2025-05-24 19:00:00,583.9596429899906
2025-05-24 19:05:00,583.0263147158138
2025-05-24 19:10:00,583.1147470225914
2025-05-24 19:15:00,582.9419890026418
2025-05-24 19:20:00,582.2472785137946
2025-05-24 19:25:00,581.7904073776042
2025-05-24 19:30:00,581.4995121739154
2025-05-24 19:35:00,580.3129146329177
2025-05-24 19:40:00,580.7302842846392
2025-05-24 19:45:00,580.2748049268189
2025-05-24 19:50:00,579.4201063390854
2025-05-24 19:55:00,579.1773813740068
2025-05-24 20:00:00,579.9247313543996
2025-05-24 20:05:00,579.3518788758665
2025-05-24 20:10:00,577.9172328644946
2025-05-24 20:15:00,578.8030937977137
2025-05-24 20:20:00,577.5286950895708
2025-05-24 20:25:00,577.1931369731806
2025-05-24 20:45:00,577.3487869250897
2025-05-24 21:05:00,577.8831496586383
2025-05-24 21:10:00,577.1711603900618
2025-05-24 21:15:00,577.6356932706595
2025-05-24 21:20:00,578.1736215295477
2025-05-24 21:25:00,577.3182067897686
2025-05-24 21:30:00,576.5121110144363
2025-05-24 21:35:00,575.8719798911712
2025-05-24 21:40:00,575.9594493639969
2025-05-24 21:45:00,575.8358282265774
2025-05-24 21:50:00,575.0791794795568
2025-05-24 21:55:00,574.5344070102515
2025-05-24 22:00:00,575.8682600358994
2025-05-24 22:05:00,575.8395986162774
2025-05-24 22:10:00,574.8932539247259
2025-05-24 22:15:00,573.7397927063126
2025-05-24 22:20:00,575.0974148863431
2025-05-24 22:25:00,574.1754638990368
2025-05-24 22:30:00,574.9715483840885
2025-05-24 22:35:00,574.4013823992848
2025-05-24 22:40:00,573.1759239779328
2025-05-24 22:45:00,573.0298432697381
2025-05-24 22:50:00,572.7199183536891
2025-05-24 22:55:00,573.3960734237179
2025-05-24 23:00:00,573.2975283233222
2025-05-24 23:05:00,573.6235783316206
2025-05-24 23:10:00,572.0457700545979
2025-05-24 23:15:00,570.4380503725862
2025-05-24 23:20:00,570.4787959476128
2025-05-24 23:25:00,569.2189344608902
2025-05-24 23:30:00,568.3797108970756
2025-05-24 23:35:00,568.9054424601353
2025-05-24 23:45:00,567.9949015777239
2025-05-25 00:50:00,567.6641901782898
2025-05-25 00:55:00,567.7309412046053
2025-05-25 01:00:00,568.2205511307395
2025-05-25 01:05:00,569.0196627926799
2025-05-25 01:10:00,571.8341289211934
2025-05-25 01:15:00,570.4742329000778
2025-05-25 01:20:00,568.8854609764194
2025-05-25 01:25:00,568.4120668348288
2025-05-25 01:30:00,568.7664728938107
2025-05-25 01:35:00,567.8916419444519
2025-05-25 01:40:00,567.6548671212323
2025-05-25 01:45:00,568.3884271204082
2025-05-25 01:50:00,568.1753229294178
2025-05-25 01:55:00,567.8912352679531
2025-05-25 02:00:00,568.8199195698747
2025-05-25 02:05:00,569.4194380865318
2025-05-25 02:10:00,569.1108152380543
2025-05-25 02:15:00,570.1709942461877
2025-05-25 02:20:00,567.9250942098547
2025-05-25 02:25:00,566.6701980932976
2025-05-25 02:30:00,564.4322911640984
2025-05-25 02:35:00,565.7718718074861
2025-05-25 02:40:00,564.9716119760066
2025-05-25 02:45:00,563.9162832254319
2025-05-25 02:50:00,561.8022592018477
2025-05-25 04:05:00,562.2698663699593
2025-05-25 04:10:00,562.0824040509135
2025-05-25 04:15:00,561.3806074936142
2025-05-25 04:20:00,562.2250223739882
2025-05-25 04:25:00,561.5922261540601
2025-05-25 04:30:00,560.8438261890645
2025-05-25 04:35:00,560.4700392308246
2025-05-25 04:40:00,560.3765341926288
2025-05-25 04:45:00,560.7044339843392
2025-05-25 04:50:00,559.6539474827601
2025-05-25 04:55:00,558.1540447383934
2025-05-25 05:00:00,558.3622561062922
2025-05-25 05:05:00,558.3619075655581
2025-05-25 05:10:00,558.6415076050858
2025-05-25 05:15:00,557.1371109572115
2025-05-25 05:20:00,556.5799506302733
2025-05-25 05:25:00,556.3016606549581
2025-05-25 05:30:00,554.8748291319107
2025-05-25 05:35:00,555.3136871992756
2025-05-25 05:40:00,554.666529440963
2025-05-25 05:45:00,553.7907510867967
2025-05-25 05:50:00,552.3753577894175
2025-05-25 05:55:00,552.4419481333113
2025-05-25 06:20:00,552.096889900381
2025-05-25 06:25:00,551.4544257329152
2025-05-25 06:40:00,551.3619820848955
2025-05-25 06:45:00,550.2185898655243
2025-05-25 07:05:00,550.6084388597272
2025-05-25 07:10:00,550.7467803790067
2025-05-25 07:15:00,550.3794933071786
2025-05-25 07:20:00,551.8141307017816
2025-05-25 07:25:00,551.1911707240396
2025-05-25 07:30:00,549.8075215793881
2025-05-25 07:35:00,548.3573629455354
2025-05-25 07:40:00,547.5579814928564
2025-05-25 07:45:00,547.1246841955322
2025-05-25 07:50:00,547.6275091348471
2025-05-25 07:55:00,547.079698961433
2025-05-25 08:00:00,549.4082302451554
2025-05-25 08:05:00,549.4113090053569
2025-05-25 08:10:00,549.7862999743929
2025-05-25 08:15:00,548.4474535303872
2025-05-25 08:20:00,548.3579388895967
2025-05-25 08:25:00,549.6859236135539
2025-05-25 08:30:00,549.0159575776909
2025-05-25 08:35:00,549.2298151999327
2025-05-25 08:40:00,549.2579730680768
2025-05-25 08:45:00,551.5220696268374
2025-05-25 08:50:00,552.1224169801483
2025-05-25 08:55:00,550.3446765810185
2025-05-25 09:00:00,550.3515153503789
2025-05-25 09:05:00,551.5411714786711
2025-05-25 09:10:00,549.7155016168747
2025-05-25 09:15:00,550.8128034070277
2025-05-25 09:20:00,549.8516594205897
2025-05-25 09:25:00,549.5531307552244
2025-05-25 09:30:00,549.1368869346327
2025-05-25 09:35:00,550.4738025370636
2025-05-25 09:40:00,548.6392682368619
2025-05-25 09:45:00,546.7766320888272
2025-05-25 09:50:00,546.4567095913285
2025-05-25 09:55:00,545.9743601213733
2025-05-25 10:00:00,544.6606729156662
2025-05-25 10:05:00,545.1518207121715
2025-05-25 10:10:00,544.2785010814408
2025-05-25 10:15:00,544.4453706405685
2025-05-25 10:20:00,544.6593839331105
2025-05-25 10:25:00,544.3175823809484
2025-05-25 10:30:00,543.3529075816396
2025-05-25 10:35:00,542.9200261455197
2025-05-25 10:40:00,543.5489693055919
2025-05-25 10:45:00,542.4706055762305
2025-05-25 10:50:00,543.4238567340701
2025-05-25 10:55:00,543.8249862302308
2025-05-25 11:00:00,543.8552503835934
2025-05-25 11:05:00,543.049721924052
2025-05-25 11:10:00,541.8317152318161
2025-05-25 11:15:00,541.8374793989994
2025-05-25 11:20:00,542.1905311422724
2025-05-25 11:25:00,541.9425629254619
2025-05-25 11:30:00,543.2292987103228
2025-05-25 11:35:00,543.0276157420581
2025-05-25 11:40:00,542.8260256549881
2025-05-25 11:45:00,541.3052018759355
2025-05-25 11:50:00,541.5671476512443
2025-05-25 11:55:00,541.1342875475531
2025-05-25 12:00:00,542.0721281574714
2025-05-25 12:05:00,541.266733317993
2025-05-25 12:10:00,540.7643139230205
2025-05-25 12:15:00,539.2678116636043
2025-05-25 12:20:00,538.4716831628043
2025-05-25 12:25:00,537.9968889080711
2025-05-25 12:30:00,536.4360012507833
2025-05-25 12:45:00,535.828381359709
2025-05-25 12:50:00,535.4023523950001
2025-05-25 14:20:00,535.1573608537022
2025-05-25 14:25:00,534.2105335345206
2025-05-25 14:40:00,535.336862054874
2025-05-25 14:45:00,534.8176255495727
2025-05-25 14:50:00,533.9802431397845
2025-05-25 14:55:00,534.2149855435873
2025-05-25 15:00:00,534.9555715843798
2025-05-25 15:05:00,535.0325449307031
2025-05-25 15:10:00,535.709990075579
2025-05-25 15:15:00,536.5311649046567
2025-05-25 15:20:00,539.0768739633128
2025-05-25 15:25:00,537.3184093758042
2025-05-25 15:30:00,535.5143488162084
2025-05-25 15:35:00,533.9816333363162
2025-05-25 15:40:00,533.737577904638
2025-05-25 15:45:00,535.2941509360656
2025-05-25 15:50:00,533.3701011243334
2025-05-25 15:55:00,532.7600152875722
2025-05-25 16:00:00,533.25039666528
2025-05-25 16:05:00,532.8461229391556
2025-05-25 16:10:00,533.7308537900157
2025-05-25 16:15:00,534.1112711033372
2025-05-25 16:20:00,535.0292704937262
2025-05-25 16:25:00,534.7617558584794
2025-05-25 16:30:00,533.8677010479036
2025-05-25 16:35:00,531.9839972094067
2025-05-25 16:40:00,531.4657061692695
2025-05-25 16:45:00,530.4231770815638
2025-05-25 16:50:00,530.6147936534585
2025-05-25 16:55:00,530.5095303601984
2025-05-25 17:00:00,529.5148021947292
2025-05-25 17:05:00,529.8658127176243
2025-05-25 17:10:00,528.9634198664304
2025-05-25 17:15:00,529.9090150406874
2025-05-25 17:20:00,528.6414806973488
2025-05-25 17:25:00,528.399893313872
2025-05-25 17:30:00,529.4602328179975
2025-05-25 17:35:00,530.390776301768
2025-05-25 17:40:00,529.5282422588547
2025-05-25 17:45:00,528.6456189095062
2025-05-25 17:50:00,528.7015210336242
2025-05-25 17:55:00,528.5515979246168
2025-05-25 18:00:00,527.9217638319399
2025-05-25 18:05:00,527.3614738079766
2025-05-25 18:10:00,527.1205653948401
2025-05-25 18:15:00,526.4933169255831
2025-05-25 18:20:00,524.9462298483761
2025-05-25 18:25:00,524.5712232422308
2025-05-25 18:40:00,525.505763925566
2025-05-25 19:00:00,524.0602684933452
2025-05-25 19:05:00,522.574898383554
2025-05-25 19:10:00,523.1186043593433
